update,gameplay_rollouts,trade_rollouts,epsilon,replay_size,gameplay_reward,gameplay_reward_avg_logged,trade_reward,trade_reward_avg_logged,trade_propose,trade_accept,trade_reject,trade_counter,trade_skip,dqn_td_loss,dqn_q_mean,dqn_target_q_mean,trade_policy_loss,trade_value_loss,trade_entropy,tom_loss,gameplay_reward_ma10,trade_reward_ma10,dqn_td_loss_ma10,dqn_q_mean_ma10,dqn_target_q_mean_ma10,trade_policy_loss_ma10,trade_value_loss_ma10,trade_entropy_ma10,tom_loss_ma10,epsilon_ma10,trade_propose_rate,trade_accept_rate,trade_reject_rate,trade_counter_rate,trade_skip_rate
0,158,60,1.0,158,0.08,0.08,-0.0012,-0.0012,16,2,14,9,19,0.0,0.0,0.0,6710379.75,0.4918,2.0654,2.253,0.08,-0.0012,0.0,0.0,0.0,6710379.75,0.4918,2.0654,2.253,1.0,0.26666666666666666,0.03333333333333333,0.23333333333333334,0.15,0.31666666666666665
1,116,91,0.9976,274,0.0104,0.0452,0.0009,-0.0001,27,11,16,15,22,0.0,0.0,0.0,7525718.5,0.4943,2.1013,2.2694,0.045200000000000004,-0.00014999999999999996,0.0,0.0,0.0,7118049.125,0.49305,2.0833500000000003,2.2612,0.9988,0.2967032967032967,0.12087912087912088,0.17582417582417584,0.16483516483516483,0.24175824175824176
2,127,84,0.9951,401,0.0039,0.0314,0.0009,0.0002,23,10,13,15,23,0.0,0.0,0.0,3073763.375,0.4943,2.0995,2.2651,0.031433333333333334,0.0002,0.0,0.0,0.0,5769953.875,0.49346666666666666,2.0887333333333333,2.2624999999999997,0.9975666666666667,0.27380952380952384,0.11904761904761904,0.15476190476190477,0.17857142857142858,0.27380952380952384
3,131,80,0.9927,532,0.0072,0.0254,0.0003,0.0002,23,11,12,11,23,0.1033,0.2007,0.1318,3234867.0625,0.494,2.0804,2.2662,0.025375,0.000225,0.025825,0.050175,0.03295,5136182.171875,0.49360000000000004,2.08665,2.263425,0.9963500000000001,0.2875,0.1375,0.15,0.1375,0.2875
4,130,77,0.9903,662,0.0038,0.021,0.001,0.0004,22,13,9,8,25,0.059,0.0507,0.1213,7726084.0,0.4935,2.0467,2.283,0.021060000000000002,0.00038,0.03246,0.050280000000000005,0.05062,5654162.5375,0.49358,2.07866,2.26734,0.9951399999999999,0.2857142857142857,0.16883116883116883,0.11688311688311688,0.1038961038961039,0.3246753246753247
5,130,80,0.9878,792,0.0289,0.0224,0.001,0.0005,21,10,8,15,26,0.0389,0.0649,0.1305,3778110.9375,0.4936,2.0447,2.3095,0.022366666666666663,0.0004833333333333333,0.03353333333333333,0.05271666666666667,0.06393333333333333,5341487.270833333,0.4935833333333333,2.073,2.274366666666667,0.9939166666666667,0.2625,0.125,0.1,0.1875,0.325
6,123,89,0.9854,915,0.0041,0.0198,0.0013,0.0006,31,11,20,13,14,0.0321,0.1635,0.1353,3797951.0,0.4945,2.0173,2.3253,0.01975714285714286,0.0006,0.03332857142857143,0.06854285714285714,0.07412857142857143,5120982.089285715,0.4937142857142857,2.065042857142857,2.281642857142857,0.9927,0.34831460674157305,0.12359550561797752,0.2247191011235955,0.14606741573033707,0.15730337078651685
7,116,96,0.983,1031,0.0037,0.0177,0.0021,0.0008,35,20,15,19,7,0.0186,0.1215,0.0819,4567838.125,0.4944,2.0465,2.3644,0.01775,0.0007875,0.0314875,0.0751625,0.0751,5051839.09375,0.4938,2.062725,2.2919875,0.9914875,0.3645833333333333,0.20833333333333334,0.15625,0.19791666666666666,0.07291666666666667
8,119,94,0.9805,1150,0.0202,0.018,0.0022,0.001,32,21,11,19,11,0.0189,0.1308,0.1015,10836361.25,0.4968,2.031,2.3477,0.018022222222222224,0.0009444444444444445,0.030088888888888887,0.08134444444444444,0.07803333333333334,5694563.777777778,0.49413333333333337,2.0592,2.2981777777777777,0.9902666666666666,0.3404255319148936,0.22340425531914893,0.11702127659574468,0.20212765957446807,0.11702127659574468
9,114,101,0.9781,1264,0.0128,0.0175,0.0031,0.0012,39,24,13,21,4,0.0211,0.0776,0.1051,4945416.25,0.5146,1.9686,2.3576,0.017499999999999998,0.00116,0.02919,0.08097,0.08074,5619649.025,0.49618,2.05014,2.30412,0.98905,0.38613861386138615,0.2376237623762376,0.12871287128712872,0.2079207920792079,0.039603960396039604
10,121,95,0.9757,1385,0.0159,0.0173,0.0031,0.0013,38,30,9,17,1,0.0211,0.0523,0.0895,6654637.25,0.5785,1.7888,2.4566,0.01109,0.00159,0.0313,0.0862,0.08969,5614074.775,0.50485,2.02248,2.32448,0.9866199999999999,0.4,0.3157894736842105,0.09473684210526316,0.17894736842105263,0.010526315789473684
11,124,89,0.9732,1509,0.0051,0.0163,0.006,0.0017,39,38,2,7,3,0.0128,0.0917,0.1112,4183312.0,0.8247,1.2066,2.6017,0.01056,0.0021,0.03258,0.09537,0.10081,5279834.125,0.53789,1.9330100000000001,2.35771,0.9841799999999999,0.43820224719101125,0.42696629213483145,0.02247191011235955,0.07865168539325842,0.033707865168539325
12,121,92,0.9708,1630,0.0059,0.0155,0.0048,0.002,45,43,1,3,0,0.0199,0.1193,0.103,21691789.5,1.6778,0.4864,2.9767,0.01076,0.00249,0.034570000000000004,0.10729999999999999,0.11111,7141636.7375,0.6562399999999999,1.7716999999999998,2.42887,0.9817500000000001,0.4891304347826087,0.4673913043478261,0.010869565217391304,0.03260869565217391,0.0
13,123,89,0.9684,1753,0.0148,0.0155,0.0052,0.0022,44,45,0,0,0,0.0244,0.1542,0.1204,19909455.0,3.7845,0.1284,3.8122,0.011519999999999999,0.00298,0.02668,0.10264999999999999,0.10996999999999998,8809095.53125,0.98529,1.5764999999999998,2.58347,0.9793200000000001,0.4943820224719101,0.5056179775280899,0.0,0.0,0.0
14,127,85,0.966,1880,0.001,0.0145,0.0053,0.0024,43,42,0,0,0,0.014,0.1249,0.1125,24318165.0,5.4287,0.0581,4.6639,0.01124,0.00341,0.02218,0.11007,0.10908999999999999,10468303.63125,1.47881,1.37764,2.82156,0.97689,0.5058823529411764,0.49411764705882355,0.0,0.0,0.0
15,135,79,0.9635,2015,0.0445,0.0164,0.0068,0.0027,39,39,0,0,1,0.0129,0.0975,0.1096,11396930.25,6.2179,0.0254,5.4637,0.0128,0.00399,0.01958,0.11333000000000001,0.10699999999999998,11230185.5625,2.05124,1.17571,3.13698,0.97446,0.4936708860759494,0.4936708860759494,0.0,0.0,0.012658227848101266
16,126,86,0.9611,2141,0.0106,0.016,0.0083,0.003,42,43,0,0,1,0.0237,0.0674,0.1062,109693716.0,4.8549,0.0223,4.6333,0.013449999999999998,0.00469,0.01874,0.10371999999999999,0.10408999999999999,21819762.0625,2.48728,0.9762099999999998,3.3677800000000007,0.97203,0.4883720930232558,0.5,0.0,0.0,0.011627906976744186
17,127,86,0.9587,2268,0.0128,0.0159,0.0056,0.0032,43,42,0,0,1,0.0207,0.0965,0.0962,99341796.0,3.3602,0.0409,3.6008,0.014360000000000001,0.005039999999999999,0.01895,0.10122,0.10551999999999999,31297157.85,2.77386,0.77565,3.49142,0.9696,0.5,0.4883720930232558,0.0,0.0,0.011627906976744186
18,137,79,0.9562,2405,0.0587,0.0181,0.0049,0.0032,38,39,0,0,2,0.0173,0.072,0.1039,43562978.0,1.842,0.1296,2.8714,0.018209999999999997,0.00531,0.01879,0.09534000000000001,0.10575999999999999,34569819.525,2.90838,0.58551,3.54379,0.96717,0.4810126582278481,0.4936708860759494,0.0,0.0,0.02531645569620253
19,126,85,0.9538,2531,0.0248,0.0185,0.0034,0.0033,39,39,0,2,5,0.0211,0.0987,0.1327,51726478.0,1.2187,0.4017,2.4626,0.01941,0.005339999999999999,0.01879,0.09745000000000001,0.10851999999999999,39247925.7,2.97879,0.42882,3.5542900000000004,0.9647400000000002,0.4588235294117647,0.4588235294117647,0.0,0.023529411764705882,0.058823529411764705
20,129,83,0.9514,2660,0.0064,0.0148,0.0051,0.0036,41,40,0,0,2,0.0168,0.1225,0.1413,14280589.25,1.2362,0.2085,2.4354,0.018459999999999997,0.00554,0.018359999999999998,0.10447,0.1137,40010520.9,3.0445599999999997,0.27079,3.5521699999999994,0.9623100000000001,0.4939759036144578,0.4819277108433735,0.0,0.0,0.024096385542168676
21,127,86,0.9489,2787,0.0024,0.0144,0.0078,0.0039,43,43,0,0,0,0.0166,0.1087,0.1154,11058753.75,1.7032,0.0665,2.5652,0.01819,0.00572,0.01874,0.10617000000000001,0.11412,40698065.075,3.1324099999999997,0.15677999999999997,3.54852,0.9598800000000001,0.5,0.5,0.0,0.0,0.0
22,132,81,0.9465,2919,0.0227,0.0153,0.0025,0.004,37,37,0,0,7,0.0149,0.0914,0.1101,91470752.0,2.8217,0.0331,2.6978,0.01987,0.00549,0.01824,0.10338,0.11483000000000002,47675961.325,3.2468000000000004,0.11145000000000001,3.5206299999999997,0.95745,0.4567901234567901,0.4567901234567901,0.0,0.0,0.08641975308641975
23,125,88,0.9441,3044,0.0118,0.0155,0.0035,0.0042,44,43,0,0,1,0.0158,0.0658,0.0786,241908696.0,3.9226,0.0323,2.8877,0.01957,0.00532,0.01738,0.09453999999999999,0.11065,69875885.425,3.26061,0.10184,3.42818,0.9550199999999999,0.5,0.48863636363636365,0.0,0.0,0.011363636363636364
24,136,78,0.9416,3180,0.0186,0.0163,0.0048,0.0043,36,37,0,0,5,0.0189,0.1391,0.148,422731384.0,4.2345,0.0739,2.9316,0.02133,0.0052699999999999995,0.01787,0.09596,0.11420000000000001,109717207.325,3.14119,0.10342,3.25495,0.95258,0.46153846153846156,0.47435897435897434,0.0,0.0,0.0641025641025641
25,125,86,0.9392,3305,0.0103,0.0154,0.0032,0.0044,42,42,0,0,2,0.0132,0.0922,0.1063,709110976.0,4.1697,0.1023,3.2405,0.01791,0.0049099999999999994,0.0179,0.09543,0.11387,179488611.9,2.93637,0.11111,3.03263,0.95015,0.4883720930232558,0.4883720930232558,0.0,0.0,0.023255813953488372
26,127,86,0.9368,3432,0.0191,0.0161,0.0068,0.0047,43,43,0,0,0,0.0198,0.1135,0.1142,790509776.0,3.1478,0.0533,3.5117,0.01876,0.00476,0.01751,0.10003999999999999,0.11467000000000001,247570217.9,2.7656599999999996,0.11420999999999999,2.92047,0.94772,0.5,0.5,0.0,0.0,0.0
27,136,80,0.9343,3568,0.052,0.0185,0.0044,0.0048,41,39,0,0,0,0.0163,0.1222,0.1417,669644688.0,2.3469,0.015,3.7266,0.02268,0.00464,0.017070000000000002,0.10261,0.11921999999999999,304600507.1,2.66433,0.11162000000000001,2.93305,0.94528,0.5125,0.4875,0.0,0.0,0.0
28,125,86,0.9319,3693,0.0128,0.0182,0.0059,0.005,41,43,0,0,2,0.017,0.0837,0.0968,414829160.0,1.2411,0.0577,3.295,0.018090000000000002,0.004739999999999999,0.01704,0.10378000000000001,0.11851,341727125.3,2.60424,0.10443,2.9754099999999997,0.9428500000000002,0.47674418604651164,0.5,0.0,0.0,0.023255813953488372
29,129,84,0.9295,3822,0.0046,0.0177,0.007,0.0052,42,42,0,0,0,0.0205,0.1202,0.1435,188533804.0,0.7235,0.2676,2.9408,0.01607,0.0050999999999999995,0.016980000000000002,0.10593,0.11959,355407857.9,2.55472,0.09102,3.0232300000000003,0.9404199999999999,0.5,0.5,0.0,0.0,0.0
30,125,87,0.927,3947,0.0063,0.0173,0.005,0.0053,42,42,1,0,2,0.0178,0.1598,0.1427,166030484.0,0.5059,0.546,2.6312,0.01606,0.00509,0.01708,0.10966000000000001,0.11973,370582847.375,2.48169,0.12477,3.0428100000000002,0.9379799999999999,0.4827586206896552,0.4827586206896552,0.011494252873563218,0.0,0.022988505747126436
31,128,85,0.9246,4075,0.0227,0.0181,0.0049,0.0053,42,42,0,0,1,0.0253,0.1438,0.1551,70644684.0,0.5175,0.3354,2.4705,0.018090000000000002,0.0048000000000000004,0.01795,0.11317000000000002,0.12369999999999999,376541440.4,2.36312,0.15166,3.03334,0.9355499999999999,0.49411764705882355,0.49411764705882355,0.0,0.0,0.011764705882352941
32,127,85,0.9222,4202,0.0229,0.019,0.0069,0.0054,41,39,1,0,4,0.0143,0.1158,0.123,56576664.0,0.545,0.4054,2.3532,0.01811,0.00524,0.01789,0.11561000000000002,0.12499,373052031.6,2.13545,0.18889,2.99888,0.93312,0.4823529411764706,0.4588235294117647,0.011764705882352941,0.0,0.047058823529411764
33,134,80,0.9197,4336,0.0327,0.0199,0.0056,0.0054,37,36,1,1,5,0.0308,0.1669,0.1577,25344677.5,0.5821,0.435,2.357,0.020200000000000003,0.00545,0.01939,0.12572,0.1329,351395629.75,1.8014,0.22915999999999997,2.94581,0.9306800000000001,0.4625,0.45,0.0125,0.0125,0.0625
34,133,80,0.9173,4469,0.0069,0.0202,0.0041,0.0053,39,40,0,0,1,0.0325,0.1117,0.1469,112221426.0,0.5773,0.338,2.3779,0.01903,0.00538,0.02075,0.12298,0.13279,320344633.95,1.43568,0.25556999999999996,2.89044,0.9282499999999999,0.4875,0.5,0.0,0.0,0.0125
35,130,84,0.9149,4599,0.0026,0.0181,0.0063,0.0053,41,40,0,0,3,0.0277,0.1234,0.1409,65322475.0,0.6595,0.1114,2.4326,0.018260000000000002,0.00569,0.0222,0.1261,0.13625,255965783.85,1.08466,0.25648,2.80965,0.9258200000000001,0.4880952380952381,0.47619047619047616,0.0,0.0,0.03571428571428571
36,133,80,0.9124,4732,0.0175,0.0184,0.0048,0.0051,38,38,0,0,4,0.019,0.1466,0.1413,130131810.0,0.6619,0.1098,2.4703,0.0181,0.00549,0.02212,0.12941,0.13896,189927987.25,0.83607,0.26213,2.70551,0.9233800000000001,0.475,0.475,0.0,0.0,0.05
37,124,88,0.91,4856,0.0139,0.0185,0.0033,0.005,43,44,0,0,1,0.0183,0.127,0.1009,2123314.9688,0.597,0.2309,2.4757,0.01429,0.00538,0.02232,0.12989,0.13488,123175849.94688001,0.66108,0.28372,2.5804199999999997,0.92095,0.48863636363636365,0.5,0.0,0.0,0.011363636363636364
38,130,85,0.9076,4986,0.0139,0.0163,0.0073,0.0051,43,42,0,0,0,0.0162,0.1446,0.1449,55507367.0,0.5367,0.4689,2.4168,0.014400000000000001,0.00552,0.022240000000000003,0.13598000000000002,0.13969,87243670.64688,0.59064,0.32484,2.4926000000000004,0.91852,0.5058823529411764,0.49411764705882355,0.0,0.0,0.0
39,136,78,0.9052,5122,0.0282,0.0164,0.0064,0.0053,36,37,0,1,4,0.0171,0.1582,0.1445,31235771.0,0.5114,0.6098,2.3522,0.01676,0.0054600000000000004,0.021900000000000003,0.13978,0.13979000000000003,71513867.34687999,0.56943,0.35906000000000005,2.43374,0.91609,0.46153846153846156,0.47435897435897434,0.0,0.01282051282051282,0.05128205128205128
40,130,82,0.9027,5252,-0.0012,0.016,0.0065,0.0054,40,39,0,0,3,0.0237,0.1507,0.1349,50791445.0,0.5022,0.8748,2.2975,0.01601,0.0056099999999999995,0.02249,0.13887,0.13901,59989963.44688,0.56906,0.39194,2.4003699999999997,0.9136600000000001,0.4878048780487805,0.47560975609756095,0.0,0.0,0.036585365853658534
41,119,92,0.9003,5371,0.0062,0.0162,0.007,0.0053,45,43,2,2,0,0.0175,0.178,0.1527,12812717.25,0.4976,1.365,2.2795,0.014360000000000001,0.00582,0.02171,0.14228999999999997,0.13877,54206766.77187999,0.56707,0.4949,2.3812699999999998,0.9112300000000001,0.4891304347826087,0.4673913043478261,0.021739130434782608,0.021739130434782608,0.0
42,125,90,0.8979,5496,0.003,0.0152,0.0021,0.0053,39,26,13,10,2,0.0214,0.1453,0.1297,1834508.0,0.4931,1.8634,2.2642,0.01237,0.00534,0.022420000000000002,0.14523999999999998,0.13944,48732551.17188,0.56188,0.6407,2.37237,0.9088,0.43333333333333335,0.28888888888888886,0.14444444444444443,0.1111111111111111,0.022222222222222223
43,123,91,0.8954,5619,0.0132,0.0153,0.0014,0.0052,36,18,19,13,5,0.0124,0.1401,0.1282,17158286.0,0.4941,1.8955,2.2617,0.01042,0.00492,0.02058,0.14256,0.13649,47913912.02188,0.5530799999999999,0.78675,2.36284,0.9063700000000001,0.3956043956043956,0.1978021978021978,0.2087912087912088,0.14285714285714285,0.054945054945054944
44,121,96,0.893,5740,0.0088,0.0148,0.0026,0.0051,37,23,14,18,4,0.0115,0.123,0.1141,16810165.5,0.5034,1.8558,2.2696,0.01061,0.00477,0.018480000000000003,0.14369,0.13321,38372785.971880004,0.54569,0.9385300000000001,2.35201,0.9039400000000001,0.3854166666666667,0.23958333333333334,0.14583333333333334,0.1875,0.041666666666666664
45,127,88,0.8906,5867,0.0004,0.0143,0.0051,0.0052,39,28,10,9,2,0.0219,0.1452,0.155,12477602.5,0.5542,1.6347,2.2473,0.01039,0.00465,0.0179,0.14587,0.13462000000000002,33088298.72188,0.53516,1.09086,2.3334799999999998,0.90151,0.4431818181818182,0.3181818181818182,0.11363636363636363,0.10227272727272728,0.022727272727272728
46,135,79,0.8881,6002,0.0497,0.0159,0.0067,0.0052,35,31,4,4,5,0.0128,0.1089,0.1121,2356132.3125,0.5473,1.3731,2.2449,0.01361,0.00484,0.017279999999999997,0.1421,0.13169999999999998,20310730.95313,0.5237,1.21719,2.31094,0.89908,0.4430379746835443,0.3924050632911392,0.05063291139240506,0.05063291139240506,0.06329113924050633
47,122,91,0.8857,6124,0.0107,0.0138,0.0069,0.0053,39,34,6,7,5,0.0242,0.1123,0.1452,12765858.75,0.5486,1.3651,2.2644,0.01329,0.005200000000000001,0.01787,0.14063,0.13613,21374985.33125,0.51886,1.33061,2.28981,0.89665,0.42857142857142855,0.37362637362637363,0.06593406593406594,0.07692307692307693,0.054945054945054944
48,127,87,0.8833,6251,0.0222,0.0143,0.0051,0.0053,40,37,2,5,3,0.0105,0.1562,0.1351,16192033.0,0.578,1.1714,2.2865,0.014119999999999999,0.00498,0.0173,0.14179,0.13515,17443451.93125,0.52299,1.4008600000000002,2.27678,0.89422,0.45977011494252873,0.42528735632183906,0.022988505747126436,0.05747126436781609,0.034482758620689655
49,125,88,0.8808,6376,0.0239,0.0152,0.0046,0.0051,36,33,4,9,6,0.0158,0.1277,0.1399,22942041.0,0.6273,1.1469,2.2861,0.013689999999999999,0.0048000000000000004,0.017169999999999998,0.13874,0.13469,16614078.93125,0.53458,1.45457,2.27017,0.89178,0.4090909090909091,0.375,0.045454545454545456,0.10227272727272728,0.06818181818181818
50,135,80,0.8784,6511,0.0107,0.0155,0.0065,0.0052,39,35,3,0,3,0.021,0.1199,0.1399,13934208.5,0.7297,0.6775,2.316,0.01488,0.0048000000000000004,0.016900000000000002,0.13566,0.13519,12928355.28125,0.55733,1.43484,2.27202,0.8893500000000001,0.4875,0.4375,0.0375,0.0,0.0375
51,127,85,0.876,6638,0.0154,0.0151,0.0051,0.0052,41,42,0,0,2,0.029,0.1233,0.1524,9482842.5,0.7786,0.4686,2.3718,0.0158,0.00461,0.01805,0.13019,0.13516,12595367.80625,0.58543,1.3452,2.28125,0.8869200000000002,0.4823529411764706,0.49411764705882355,0.0,0.0,0.023529411764705882
52,127,86,0.8735,6765,0.0266,0.0153,0.0071,0.0052,43,43,0,0,0,0.0175,0.1339,0.15,4799215.375,0.5646,0.7107,2.4063,0.01816,0.00511,0.017660000000000002,0.12905000000000003,0.13718999999999998,12891838.54375,0.59258,1.22993,2.29546,0.8844800000000002,0.5,0.5,0.0,0.0,0.0
53,142,74,0.8711,6907,0.04,0.0156,0.0059,0.0052,36,33,1,0,4,0.0195,0.1489,0.1437,11125691.5,0.4992,1.1479,2.3325,0.02084,0.00556,0.01837,0.12993,0.13874,12288579.09375,0.59309,1.15517,2.30254,0.8820499999999999,0.4864864864864865,0.44594594594594594,0.013513513513513514,0.0,0.05405405405405406
54,130,82,0.8687,7037,0.0258,0.0166,0.0057,0.0053,39,39,1,0,3,0.0227,0.1245,0.1334,5002819.5,0.5578,1.0824,2.3096,0.022539999999999998,0.00587,0.01949,0.13008,0.14067,11107844.49375,0.59853,1.07783,2.30654,0.8796200000000001,0.47560975609756095,0.47560975609756095,0.012195121951219513,0.0,0.036585365853658534
55,133,81,0.8662,7170,0.0109,0.017,0.005,0.0053,39,36,3,0,3,0.0259,0.1275,0.1679,10696536.75,0.5681,1.0443,2.2494,0.02359,0.00586,0.019889999999999998,0.12830999999999998,0.14196,10929737.91875,0.59992,1.01879,2.30675,0.8771800000000001,0.48148148148148145,0.4444444444444444,0.037037037037037035,0.0,0.037037037037037035
56,127,85,0.8638,7297,0.0144,0.0168,0.0043,0.0052,37,36,1,3,8,0.0253,0.1238,0.1539,3038081.9375,0.5473,1.3321,2.1828,0.02006,0.00562,0.02114,0.1298,0.14614,10997932.88125,0.5999199999999999,1.0146899999999999,2.3005400000000003,0.87475,0.43529411764705883,0.4235294117647059,0.011764705882352941,0.03529411764705882,0.09411764705882353
57,138,75,0.8614,7435,0.0389,0.0181,0.0041,0.0053,31,29,3,2,10,0.024,0.1492,0.1526,2410261.75,0.5035,1.7147,2.1881,0.02288,0.00534,0.021120000000000003,0.13349,0.14688,9962373.18125,0.59541,1.04965,2.29291,0.87232,0.41333333333333333,0.38666666666666666,0.04,0.02666666666666667,0.13333333333333333
58,125,85,0.8589,7560,0.0228,0.0185,0.001,0.0049,25,15,8,15,22,0.027,0.1939,0.1504,4663604.125,0.4975,2.0064,2.2216,0.02294,0.0049299999999999995,0.022770000000000002,0.13726,0.14841000000000001,8809530.29375,0.58736,1.1331499999999999,2.28642,0.86988,0.29411764705882354,0.17647058823529413,0.09411764705882353,0.17647058823529413,0.25882352941176473
59,137,71,0.8565,7697,0.008,0.0175,0.0005,0.0047,17,11,8,5,30,0.0138,0.191,0.1583,4539028.625,0.4983,1.9249,2.2119,0.02135,0.00452,0.02257,0.14359000000000002,0.15025,6969229.05625,0.57446,1.21095,2.279,0.86745,0.23943661971830985,0.15492957746478872,0.11267605633802817,0.07042253521126761,0.4225352112676056
60,128,86,0.8541,7825,0.0367,0.0194,0.0025,0.0045,32,15,17,11,11,0.0264,0.1216,0.1334,4094474.375,0.5114,1.8328,2.177,0.02395,0.00412,0.02311,0.14376,0.1496,5985255.64375,0.55263,1.32648,2.2651,0.86502,0.37209302325581395,0.1744186046511628,0.19767441860465115,0.12790697674418605,0.12790697674418605
61,140,73,0.8516,7965,0.0361,0.0209,0.0011,0.0042,27,14,13,4,15,0.0257,0.1072,0.1621,16411254.0,0.5166,1.6324,2.1522,0.026019999999999998,0.00372,0.02278,0.14215,0.15057,6678096.79375,0.5264300000000001,1.44286,2.24314,0.86258,0.3698630136986301,0.1917808219178082,0.1780821917808219,0.0547945205479452,0.2054794520547945
62,121,93,0.8492,8086,0.0239,0.022,0.0018,0.0041,33,15,18,21,6,0.0189,0.1399,0.1374,642280.3438,0.5262,1.6009,2.1174,0.025750000000000002,0.0031899999999999997,0.02292,0.14275,0.14931,6262403.29063,0.52259,1.5318800000000001,2.21425,0.86015,0.3548387096774194,0.16129032258064516,0.1935483870967742,0.22580645161290322,0.06451612903225806
63,98,124,0.8468,8184,0.0169,0.0221,0.0003,0.0041,33,18,11,58,4,0.0171,0.1432,0.1374,38946347.0,0.5095,1.5884,2.067,0.02344,0.00263,0.02268,0.14218000000000003,0.14868,9044468.84063,0.52362,1.57593,2.1877,0.8577199999999999,0.2661290322580645,0.14516129032258066,0.08870967741935484,0.46774193548387094,0.03225806451612903
64,102,117,0.8444,8286,0.0256,0.023,-0.0002,0.0039,36,24,11,44,2,0.0194,0.1684,0.1408,11936970.25,0.4958,1.6696,2.0296,0.023420000000000003,0.0020399999999999997,0.022350000000000002,0.14657,0.14942000000000003,9737883.915630002,0.5174199999999999,1.63465,2.1597,0.8552899999999999,0.3076923076923077,0.20512820512820512,0.09401709401709402,0.37606837606837606,0.017094017094017096
65,109,105,0.8419,8395,0.0118,0.0236,0.0012,0.0037,35,34,3,28,5,0.0152,0.1501,0.1318,10353610.5,0.5076,1.4618,1.9509,0.02351,0.00166,0.02128,0.14883000000000002,0.14581,9703591.290630002,0.51137,1.6764,2.12985,0.8528600000000001,0.3333333333333333,0.3238095238095238,0.02857142857142857,0.26666666666666666,0.047619047619047616
66,119,94,0.8395,8514,0.0188,0.022,0.0037,0.0036,42,38,2,10,2,0.0168,0.1613,0.1626,15630544.0,0.5231,0.9644,1.7407,0.02395,0.0016,0.02043,0.15258,0.14668,10962837.49688,0.50895,1.63963,2.0856399999999997,0.85043,0.44680851063829785,0.40425531914893614,0.02127659574468085,0.10638297872340426,0.02127659574468085
67,123,90,0.8371,8637,0.0249,0.0227,0.0064,0.0036,43,45,0,2,0,0.0143,0.0852,0.1041,26826350.5,0.5487,0.7707,1.5678,0.02255,0.00183,0.019459999999999998,0.14618,0.14182999999999998,13404446.37188,0.5134700000000001,1.54523,2.02361,0.8480000000000001,0.4777777777777778,0.5,0.0,0.022222222222222223,0.0
68,119,93,0.8346,8756,0.0148,0.0223,0.0047,0.0036,43,41,0,9,0,0.0222,0.1278,0.1566,65966300.0,0.5707,0.7744,1.4958,0.02175,0.0021999999999999997,0.01898,0.13957,0.14245000000000002,19534715.95938,0.52079,1.4220300000000001,1.95103,0.84557,0.46236559139784944,0.44086021505376344,0.0,0.0967741935483871,0.0
69,92,132,0.8322,8848,0.0091,0.0216,0.001,0.0034,32,29,0,71,0,0.0153,0.1511,0.134,44397622.1982,0.4257,0.8099,1.7536,0.02186,0.00225,0.01913,0.13557999999999998,0.14001999999999998,23520575.3167,0.51353,1.31053,1.9052,0.84314,0.24242424242424243,0.2196969696969697,0.0,0.5378787878787878,0.0
70,57,180,0.8298,8905,0.0166,0.0219,-0.0029,0.0029,21,6,0,153,0,0.0279,0.169,0.1452,122668399.0,0.4885,0.7429,1.6456,0.01985,0.0017100000000000001,0.01928,0.14032,0.1412,35377967.7792,0.51124,1.20154,1.8520600000000003,0.84071,0.11666666666666667,0.03333333333333333,0.0,0.85,0.0
71,38,204,0.8273,8943,0.0018,0.0212,-0.0049,0.0024,13,4,0,187,0,0.0229,0.1476,0.1482,91991845.0,0.573,0.8023,1.5713,0.01642,0.0011100000000000003,0.019,0.14436,0.13981,42936026.8792,0.51688,1.1185300000000002,1.7939700000000003,0.8382799999999999,0.06372549019607843,0.0196078431372549,0.0,0.9166666666666666,0.0
72,61,175,0.8249,9004,0.0064,0.0202,-0.0031,0.0019,19,6,0,150,0,0.0198,0.1065,0.1697,217113.6543,0.5553,0.8826,1.8311,0.014669999999999999,0.0006200000000000001,0.019090000000000003,0.14102,0.14304,42893510.21025,0.51979,1.0467,1.7653400000000001,0.83585,0.10857142857142857,0.03428571428571429,0.0,0.8571428571428571,0.0
73,24,225,0.8225,9028,0.0311,0.0198,-0.0066,0.0013,9,1,0,215,0,0.0137,0.1728,0.1616,130275.3945,0.5741,0.852,1.6693,0.01609,-6.999999999999983e-05,0.01875,0.14398,0.14545999999999998,39011903.0497,0.5262499999999999,0.9730599999999999,1.72557,0.8334199999999999,0.04,0.0044444444444444444,0.0,0.9555555555555556,0.0
74,16,235,0.82,9044,-0.0047,0.0182,-0.007,0.0006,5,2,0,228,0,0.0235,0.2082,0.2047,9301638.9375,0.5806,0.3653,1.6616,0.013059999999999999,-0.0007499999999999999,0.01916,0.14796,0.15184999999999998,38748369.91845,0.53473,0.8426300000000001,1.6887699999999999,0.83098,0.02127659574468085,0.00851063829787234,0.0,0.9702127659574468,0.0
75,22,227,0.8176,9066,0.0305,0.0192,-0.0069,0.0,7,2,0,218,0,0.0173,0.1194,0.1296,23818478.0,0.5559,0.2572,1.307,0.014930000000000002,-0.00156,0.019370000000000002,0.14489,0.15163,40094856.66845,0.53956,0.72217,1.62438,0.8285499999999999,0.030837004405286344,0.00881057268722467,0.0,0.960352422907489,0.0
76,54,183,0.8152,9120,0.0226,0.0196,-0.005,-0.0004,17,15,0,149,2,0.0197,0.1234,0.1492,17039363.5615,0.5233,0.9772,1.8344,0.015309999999999999,-0.00243,0.01966,0.14109999999999998,0.15028999999999998,40235738.6246,0.5395800000000001,0.7234499999999999,1.6337499999999998,0.8261200000000001,0.09289617486338798,0.08196721311475409,0.0,0.8142076502732241,0.01092896174863388
77,97,126,0.8127,9217,0.0167,0.0185,0.0005,-0.0006,29,29,2,65,1,0.0199,0.1386,0.1365,5927166.125,0.5069,1.5358,1.9599,0.014489999999999998,-0.0030199999999999997,0.02022,0.14644,0.15353,38145820.1871,0.5354,0.79996,1.6729599999999998,0.8236800000000001,0.23015873015873015,0.23015873015873015,0.015873015873015872,0.5158730158730159,0.007936507936507936
78,97,126,0.8103,9314,0.0169,0.0182,0.0017,-0.0006,29,18,4,70,5,0.0153,0.1392,0.142,11041859.5,0.5031,1.7075,1.9962,0.014700000000000001,-0.00332,0.01953,0.14758,0.15206999999999998,32653376.1371,0.52864,0.89327,1.723,0.82125,0.23015873015873015,0.14285714285714285,0.031746031746031744,0.5555555555555556,0.03968253968253968
79,97,126,0.8079,9411,0.0228,0.019,-0.0001,-0.0006,32,24,4,64,2,0.0127,0.1251,0.1334,13934395.0,0.5017,1.7003,1.9829,0.01607,-0.0034300000000000003,0.01927,0.14498,0.15201,29607053.41728,0.53624,0.98231,1.74593,0.81882,0.25396825396825395,0.19047619047619047,0.031746031746031744,0.5079365079365079,0.015873015873015872
80,135,84,0.8054,9546,0.0753,0.0209,0.0014,-0.0006,27,23,5,23,6,0.0205,0.1244,0.1334,11548578.75,0.4868,1.659,1.9933,0.02194,-0.003,0.01853,0.14052,0.15083,18495071.39228,0.53607,1.07392,1.7807,0.81638,0.32142857142857145,0.27380952380952384,0.05952380952380952,0.27380952380952384,0.07142857142857142
81,114,102,0.803,9660,0.0084,0.0195,-0.0002,-0.0007,37,32,4,26,3,0.0153,0.1183,0.1211,5292652.875,0.4967,1.4166,1.9286,0.022600000000000002,-0.00253,0.01777,0.13759000000000002,0.14811999999999997,9825152.17978,0.52844,1.13535,1.8164299999999998,0.81395,0.3627450980392157,0.3137254901960784,0.0392156862745098,0.2549019607843137,0.029411764705882353
82,92,132,0.8006,9752,0.0268,0.0197,-0.0006,-0.0008,31,30,0,69,2,0.0196,0.1555,0.1417,6614548.4793,0.5745,1.0337,1.6845,0.024640000000000002,-0.00228,0.01775,0.14249,0.14531999999999998,10464895.662279999,0.5303599999999999,1.15046,1.80177,0.81152,0.23484848484848486,0.22727272727272727,0.0,0.5227272727272727,0.015151515151515152
83,109,115,0.7981,9861,0.0581,0.0217,0.0004,-0.0008,32,31,1,51,0,0.0153,0.1335,0.132,34646156.0,0.4982,1.1165,1.303,0.027340000000000003,-0.0015799999999999998,0.017910000000000002,0.13856,0.14236,13916483.722829998,0.5227700000000001,1.17691,1.76514,0.80908,0.2782608695652174,0.26956521739130435,0.008695652173913044,0.4434782608695652,0.0
84,98,123,0.7957,9959,0.0034,0.0206,-0.0009,-0.0009,34,33,0,56,0,0.0174,0.1253,0.1551,5250915.25,0.5013,1.2192,1.2014,0.028149999999999998,-0.00097,0.017300000000000003,0.13027,0.1374,13511411.354079997,0.51484,1.2623000000000002,1.7191199999999998,0.80665,0.2764227642276423,0.2682926829268293,0.0,0.45528455284552843,0.0
85,108,107,0.7933,10067,0.0074,0.0204,0.0013,-0.0009,38,35,1,31,2,0.0199,0.1469,0.1578,878549.125,0.4962,1.1169,1.1372,0.025840000000000002,-0.00014999999999999993,0.01756,0.13302,0.14021999999999998,11217418.46658,0.5088699999999999,1.3482699999999999,1.70214,0.8042199999999999,0.35514018691588783,0.32710280373831774,0.009345794392523364,0.2897196261682243,0.018691588785046728
86,104,115,0.7908,10171,0.0093,0.0199,0.0011,-0.001,33,32,0,45,5,0.0119,0.1493,0.1301,12295585.5,0.4966,1.221,1.4567,0.02451,0.00046000000000000007,0.01678,0.13561,0.13831,10743040.66043,0.5062,1.37265,1.6643700000000003,0.8017799999999999,0.28695652173913044,0.2782608695652174,0.0,0.391304347826087,0.043478260869565216
87,96,126,0.7884,10267,0.01,0.0192,0.0007,-0.0013,31,28,0,63,4,0.0145,0.1564,0.1382,7236512.625,0.4991,1.3176,1.3064,0.02384,0.0004800000000000001,0.01624,0.13739,0.13848,10873975.31043,0.50542,1.35083,1.5990199999999999,0.79935,0.24603174603174602,0.2222222222222222,0.0,0.5,0.031746031746031744
88,95,125,0.786,10362,0.0212,0.0195,-0.0003,-0.0015,34,30,0,60,1,0.0241,0.1152,0.1608,34394.0352,0.4953,1.0851,1.4357,0.024270000000000003,0.0002800000000000001,0.01712,0.13499,0.14035999999999998,9773228.76395,0.50464,1.28859,1.54297,0.79692,0.272,0.24,0.0,0.48,0.008
89,101,121,0.7836,10463,0.0139,0.0197,0.0017,-0.0015,35,28,0,58,0,0.0205,0.13,0.1445,17752863.25,0.4963,0.6436,2.0894,0.02338,0.00046000000000000007,0.017900000000000003,0.13548,0.14146999999999998,10155075.588949999,0.5041,1.18292,1.55362,0.79449,0.2892561983471074,0.23140495867768596,0.0,0.4793388429752066,0.0
90,82,146,0.7811,10545,0.017,0.0197,0.0002,-0.0013,28,15,0,103,0,0.0232,0.187,0.1495,15263069.5019,0.5415,0.1658,4.0837,0.01755,0.00034,0.018170000000000002,0.14174,0.14308,10526524.66414,0.50957,1.0336,1.76266,0.79206,0.1917808219178082,0.10273972602739725,0.0,0.7054794520547946,0.0
91,27,220,0.7787,10572,0.0028,0.0198,-0.0059,-0.0014,10,1,0,209,0,0.0256,0.1624,0.1271,187030104.0,0.5436,0.0447,3.5078,0.016989999999999998,-0.00022999999999999995,0.019200000000000002,0.14615,0.14368,28700269.776639998,0.5142599999999999,0.89641,1.92058,0.78963,0.045454545454545456,0.004545454545454545,0.0,0.95,0.0
92,3,252,0.7763,10575,-0.005,0.0192,-0.0079,-0.0016,1,0,0,251,0,0.0239,0.1179,0.1478,167155918.0,0.565,0.2848,1.9585,0.01381,-0.0009600000000000001,0.01963,0.14239,0.14429,44754406.728709996,0.5133099999999999,0.8215200000000001,1.94798,0.7872,0.003968253968253968,0.0,0.0,0.996031746031746,0.0
93,11,241,0.7738,10586,0.0027,0.0178,-0.0073,-0.0017,4,2,0,235,0,0.0172,0.1385,0.1176,61269121.5,0.603,0.6537,1.6795,0.008270000000000001,-0.00173,0.019819999999999997,0.14289000000000002,0.14284999999999998,47416703.27870999,0.52379,0.7752399999999999,1.98563,0.78477,0.016597510373443983,0.008298755186721992,0.0,0.975103734439834,0.0
94,10,242,0.7714,10596,0.004,0.0182,-0.0073,-0.0017,4,0,0,238,0,0.0208,0.1849,0.1303,54887889.5,0.6105,0.7036,1.6563,0.00833,-0.00237,0.02016,0.14885,0.14037,52380400.70371,0.53471,0.7236800000000001,2.03112,0.7823399999999999,0.01652892561983471,0.0,0.0,0.9834710743801653,0.0
95,0,256,0.769,10596,0.0,0.0167,-0.008,-0.0017,0,0,0,256,0,0.0209,0.1335,0.1586,86502571.0,0.5896,0.7426,1.517,0.0075899999999999995,-0.0033,0.02026,0.14751,0.14045,60942802.89121,0.54405,0.68625,2.0690999999999997,0.77991,0.0,0.0,0.0,1.0,0.0
96,19,231,0.7665,10615,0.0288,0.017,-0.0074,-0.0018,6,5,0,220,0,0.0267,0.1592,0.1683,58018802.5,0.5932,0.8012,1.6873,0.00954,-0.004149999999999999,0.021740000000000002,0.14850000000000002,0.14426999999999998,65515124.59120999,0.55371,0.64427,2.09216,0.77748,0.025974025974025976,0.021645021645021644,0.0,0.9523809523809523,0.0
97,55,180,0.7641,10670,0.009,0.0166,-0.0033,-0.002,21,15,0,144,0,0.0259,0.1639,0.1523,29314964.75,0.7144,0.494,1.3458,0.00944,-0.00455,0.02288,0.14925,0.14567999999999998,67722969.80371,0.57524,0.5619099999999999,2.0961,0.77505,0.11666666666666667,0.08333333333333333,0.0,0.8,0.0
98,50,189,0.7617,10720,0.0265,0.0171,-0.0043,-0.0023,17,7,0,165,0,0.0179,0.1234,0.1378,44308136.5,0.8497,0.2598,3.0193,0.009969999999999998,-0.00495,0.022260000000000002,0.15006999999999998,0.14338,72150344.05019,0.61068,0.47938000000000003,2.2544600000000004,0.77262,0.08994708994708994,0.037037037037037035,0.0,0.873015873015873,0.0
99,51,189,0.7592,10771,0.0198,0.017,-0.0052,-0.0026,15,7,0,167,0,0.0183,0.1201,0.117,59666337.5,0.8639,0.3956,2.1924,0.01056,-0.005640000000000001,0.022039999999999997,0.14908000000000002,0.14062999999999998,76341691.47519,0.64744,0.45458,2.26476,0.77018,0.07936507936507936,0.037037037037037035,0.0,0.8835978835978836,0.0
100,85,138,0.7568,10856,0.0007,0.0132,-0.0006,-0.0027,32,29,0,77,0,0.0156,0.1611,0.1495,23641400.4739,0.5514,0.9563,1.9054,0.008929999999999999,-0.00572,0.02128,0.14649,0.14062999999999998,77179524.57238999,0.64843,0.5336299999999999,2.04693,0.76775,0.2318840579710145,0.21014492753623187,0.0,0.5579710144927537,0.0
101,114,103,0.7544,10970,0.0039,0.013,0.0027,-0.0025,38,39,0,25,1,0.0118,0.1509,0.1309,14409759.0,0.5228,1.0239,1.2178,0.00904,-0.00486,0.0199,0.14534000000000002,0.14101,59917490.07239,0.64635,0.6315500000000001,1.81793,0.76532,0.36893203883495146,0.3786407766990291,0.0,0.24271844660194175,0.009708737864077669
102,115,101,0.7519,11085,0.0049,0.0119,0.0045,-0.0023,41,37,1,22,0,0.0098,0.0924,0.1003,18967765.0,0.5068,1.1434,1.1634,0.01003,-0.0036200000000000004,0.01849,0.14279,0.13626,45098674.77239,0.6405299999999999,0.71741,1.73842,0.76288,0.40594059405940597,0.36633663366336633,0.009900990099009901,0.21782178217821782,0.0
103,127,89,0.7495,11212,0.0396,0.011,0.0039,-0.0021,32,30,3,18,6,0.01,0.1414,0.128,13548458.25,0.5026,1.6442,1.4982,0.01372,-0.0025,0.01777,0.14308,0.1373,40326608.447390005,0.63049,0.81646,1.7202899999999999,0.76045,0.3595505617977528,0.33707865168539325,0.033707865168539325,0.20224719101123595,0.06741573033707865
104,114,99,0.7471,11326,0.0072,0.0112,0.0008,-0.002,32,23,9,25,10,0.0197,0.176,0.1667,18573890.0,0.4947,1.8577,1.6515,0.01404,-0.00169,0.01766,0.14219,0.14094,36695208.49739,0.61891,0.93187,1.71981,0.75802,0.32323232323232326,0.23232323232323232,0.09090909090909091,0.25252525252525254,0.10101010101010101
105,118,97,0.7446,11444,0.0265,0.0121,0.0005,-0.0021,35,33,2,20,7,0.0182,0.0898,0.1462,10032185.0,0.5008,1.6708,1.5211,0.01669,-0.0008399999999999999,0.01739,0.13782,0.1397,29048169.89739,0.61003,1.02469,1.7202199999999999,0.75558,0.36082474226804123,0.3402061855670103,0.020618556701030927,0.20618556701030927,0.07216494845360824
106,115,101,0.7422,11559,0.0075,0.0121,0.004,-0.0019,37,36,0,25,3,0.0199,0.1344,0.1484,6929945.0,0.5281,1.2198,1.1485,0.01456,0.00030000000000000003,0.01671,0.13534,0.13771,23939284.14739,0.60352,1.06655,1.66634,0.75315,0.36633663366336633,0.3564356435643564,0.0,0.24752475247524752,0.0297029702970297
107,107,111,0.7398,11666,0.0133,0.0122,0.0035,-0.0018,38,39,0,34,0,0.0104,0.1471,0.1223,8006605.125,0.6185,1.0188,1.2172,0.014989999999999998,0.00098,0.015159999999999998,0.13366,0.13471000000000002,21808448.18489,0.5939300000000001,1.11903,1.65348,0.75072,0.34234234234234234,0.35135135135135137,0.0,0.3063063063063063,0.0
108,92,129,0.7373,11758,0.0089,0.0116,0.0032,-0.0016,36,28,0,65,0,0.0168,0.1501,0.1511,115664.9201,0.3531,0.829,1.5135,0.01323,0.00173,0.01505,0.13633,0.13604,17389201.0269,0.54427,1.17595,1.5029,0.7482800000000001,0.27906976744186046,0.21705426356589147,0.0,0.5038759689922481,0.0
109,29,219,0.7349,11787,0.0322,0.0125,-0.0067,-0.002,8,2,0,208,1,0.0131,0.1554,0.1414,251080.8379,2.2738,0.4796,3.6312,0.01447,0.0015800000000000002,0.014530000000000001,0.13986,0.13848,11447675.360690001,0.68526,1.18435,1.6467800000000001,0.74585,0.0365296803652968,0.0091324200913242,0.0,0.9497716894977168,0.0045662100456621
110,20,229,0.7325,11807,-0.003,0.0115,-0.0064,-0.0024,7,0,0,222,0,0.0111,0.1463,0.1258,431672.0859,4.841,0.1425,3.3195,0.014099999999999998,0.0009999999999999998,0.01408,0.13838,0.13611,9126702.52189,1.11422,1.10297,1.7881900000000002,0.7434200000000001,0.03056768558951965,0.0,0.0,0.9694323144104804,0.0
111,35,209,0.73,11842,0.0148,0.0121,-0.0051,-0.0023,12,1,0,196,0,0.0241,0.1344,0.1591,194678.5625,2.9122,0.7921,7.0875,0.01519,0.00021999999999999987,0.015309999999999999,0.13673,0.13893,7705194.478139999,1.35316,1.07979,2.37516,0.74098,0.05741626794258373,0.004784688995215311,0.0,0.937799043062201,0.0
112,80,147,0.7276,11922,0.0095,0.0128,-0.0005,-0.0019,28,17,0,101,1,0.0166,0.1442,0.1382,55142.1675,2.0471,1.0708,3.1147,0.01565,-0.0002800000000000001,0.015989999999999997,0.14191,0.14271999999999999,5813932.19489,1.50719,1.07253,2.57029,0.7385499999999999,0.19047619047619047,0.11564625850340136,0.0,0.6870748299319728,0.006802721088435374
113,108,108,0.7252,12030,0.0186,0.0136,0.0026,-0.0015,36,38,0,34,0,0.016,0.1335,0.1349,97415192.0,2.7367,0.8476,1.3793,0.013549999999999998,-0.0004100000000000001,0.01659,0.14112,0.14340999999999998,14200605.569889998,1.7306000000000001,0.9928699999999999,2.5584,0.73612,0.3333333333333333,0.35185185185185186,0.0,0.3148148148148148,0.0
114,99,124,0.7228,12129,-0.0026,0.0133,0.0016,-0.001,33,25,0,65,1,0.0127,0.1136,0.1183,40512279.0,2.9107,0.7591,1.4476,0.012570000000000001,-0.0003300000000000001,0.015889999999999998,0.13488,0.13857,16394444.469889998,1.9721999999999997,0.88301,2.5380100000000003,0.73369,0.2661290322580645,0.20161290322580644,0.0,0.5241935483870968,0.008064516129032258
115,102,122,0.7203,12231,0.0275,0.0147,0.0023,-0.0005,33,26,0,62,1,0.0106,0.1273,0.1312,3337753.4375,2.7397,0.8167,1.3519,0.012669999999999997,-0.0001500000000000001,0.01513,0.13863,0.13707,15725001.313639998,2.19609,0.7976000000000001,2.52109,0.73126,0.27049180327868855,0.21311475409836064,0.0,0.5081967213114754,0.00819672131147541
116,102,120,0.7179,12333,0.0198,0.0142,0.0013,-0.0001,31,27,0,60,2,0.015,0.1463,0.1475,16411584.75,2.1174,0.9175,1.383,0.0139,-0.0004200000000000001,0.01464,0.13982,0.13698,16673165.288639998,2.35502,0.76737,2.5445400000000005,0.7288300000000001,0.25833333333333336,0.225,0.0,0.5,0.016666666666666666
117,84,143,0.7155,12417,0.025,0.015,-0.0004,0.0001,29,21,0,93,0,0.0188,0.1425,0.1526,14055168.791,0.8039,1.6288,1.5151,0.015069999999999997,-0.0008100000000000002,0.015479999999999999,0.13935999999999998,0.14001,17278021.65524,2.3735600000000003,0.8283699999999999,2.5743300000000002,0.7264,0.20279720279720279,0.14685314685314685,0.0,0.6503496503496503,0.0
118,122,93,0.713,12539,0.0232,0.0149,0.0024,0.0004,30,21,7,23,12,0.0093,0.0996,0.1104,7659568.0,0.5424,2.0327,1.8857,0.016499999999999997,-0.0008900000000000002,0.014729999999999998,0.13431,0.13594,18032411.96323,2.39249,0.9487400000000001,2.6115500000000003,0.72397,0.3225806451612903,0.22580645161290322,0.07526881720430108,0.24731182795698925,0.12903225806451613
119,132,82,0.7106,12671,0.0106,0.0144,0.0013,0.0008,23,14,10,17,18,0.0117,0.1693,0.1266,31063.0801,0.5252,2.0466,1.9635,0.014339999999999997,-9.00000000000002e-05,0.01459,0.1357,0.13445999999999997,18010410.18745,2.2176299999999998,1.1054400000000002,2.44478,0.7215400000000001,0.2804878048780488,0.17073170731707318,0.12195121951219512,0.2073170731707317,0.21951219512195122
120,147,70,0.7082,12818,0.0723,0.018,0.001,0.0008,23,9,15,10,13,0.023,0.1246,0.1047,10659839.5,0.5133,2.1088,2.124,0.02187,0.0006499999999999998,0.01578,0.13353,0.13235,19033226.92886,1.7848600000000001,1.30207,2.32523,0.71911,0.32857142857142857,0.12857142857142856,0.21428571428571427,0.14285714285714285,0.18571428571428572
121,122,89,0.7057,12940,0.0019,0.0179,0.0013,0.0008,27,13,13,16,20,0.0127,0.1496,0.1517,9031011.25,0.5027,2.08,2.0818,0.02058,0.00129,0.01464,0.13505,0.13161,19916860.19761,1.54391,1.4308600000000002,1.8246600000000002,0.71668,0.30337078651685395,0.14606741573033707,0.14606741573033707,0.1797752808988764,0.2247191011235955
122,132,81,0.7033,13072,0.0035,0.0178,0.0017,0.0006,23,15,7,16,20,0.0203,0.1372,0.1485,8689844.25,0.492,2.0876,2.0892,0.01998,0.0015099999999999998,0.01501,0.13435000000000002,0.13264,20780330.40586,1.3884,1.5325400000000002,1.72211,0.71425,0.2839506172839506,0.18518518518518517,0.08641975308641975,0.19753086419753085,0.24691358024691357
123,130,80,0.7009,13202,0.0147,0.0166,0.0005,0.0005,19,14,6,16,25,0.0152,0.1045,0.1092,3572854.625,0.5018,2.039,1.9833,0.01959,0.0013,0.014929999999999999,0.13145,0.13007,11396096.668359999,1.1649100000000001,1.65168,1.7825099999999998,0.71182,0.2375,0.175,0.075,0.2,0.3125
124,123,90,0.6984,13325,0.0146,0.0169,0.0024,0.0005,31,22,6,18,13,0.0219,0.1695,0.1653,1242992.0,0.5264,1.9535,1.7922,0.021310000000000003,0.00138,0.01585,0.13704,0.13477,7469167.968359999,0.9264800000000001,1.7711200000000002,1.81697,0.70938,0.34444444444444444,0.24444444444444444,0.06666666666666667,0.2,0.14444444444444443
125,124,87,0.696,13449,0.0069,0.016,0.0023,0.0006,28,26,4,13,16,0.0129,0.1148,0.1288,23585.8105,0.5553,1.7524,1.6657,0.01925,0.00138,0.01608,0.13579000000000002,0.13452999999999998,7137751.20566,0.7080399999999999,1.86469,1.84835,0.70695,0.3218390804597701,0.2988505747126437,0.04597701149425287,0.14942528735632185,0.1839080459770115
126,119,98,0.6936,13568,0.0143,0.0163,-0.0036,0.0003,11,7,2,50,28,0.009,0.1315,0.1194,107682.5293,0.566,1.1843,1.6876,0.0187,0.00089,0.015479999999999999,0.13430999999999998,0.13172,5507360.98359,0.5529,1.8913699999999998,1.87881,0.7045199999999999,0.11224489795918367,0.07142857142857142,0.02040816326530612,0.5102040816326531,0.2857142857142857
127,101,118,0.6911,13669,0.0075,0.016,-0.0057,-0.0002,3,3,0,77,35,0.0288,0.1592,0.1499,13120164.0,0.5223,0.6307,2.0325,0.01695,0.0003599999999999999,0.01648,0.13598000000000002,0.13145,5413860.50449,0.52474,1.79156,1.9305499999999998,0.70208,0.025423728813559324,0.025423728813559324,0.0,0.652542372881356,0.2966101694915254
128,110,112,0.6887,13779,0.0139,0.0163,-0.0063,-0.0007,2,2,0,75,33,0.0191,0.1276,0.1467,6846983.75,0.5855,0.5601,4.118,0.01602,-0.00051,0.01746,0.13878,0.13508,5332602.07949,0.52905,1.6442999999999999,2.15378,0.69965,0.017857142857142856,0.017857142857142856,0.0,0.6696428571428571,0.29464285714285715
129,78,151,0.6863,13857,0.0194,0.0156,-0.0055,-0.0006,7,3,0,121,20,0.0188,0.1065,0.1413,10490119.5791,0.6085,1.0619,2.0069,0.016900000000000002,-0.00119,0.01817,0.1325,0.13655,6378507.72939,0.53738,1.54583,2.15812,0.69722,0.046357615894039736,0.019867549668874173,0.0,0.8013245033112583,0.13245033112582782
130,96,128,0.6838,13953,0.0093,0.0162,-0.0055,-0.0006,7,4,1,91,25,0.0171,0.1644,0.1473,6042714.25,0.5414,1.266,3.3411,0.0106,-0.00184,0.01758,0.13648,0.14081000000000002,5916795.20439,0.5401900000000001,1.46155,2.27983,0.69478,0.0546875,0.03125,0.0078125,0.7109375,0.1953125
131,90,135,0.6814,14043,0.0009,0.0155,-0.006,-0.0006,5,2,1,101,26,0.0172,0.1417,0.1267,1050943.7318,0.4936,0.878,3.4403,0.010499999999999999,-0.0025700000000000002,0.018029999999999997,0.13569,0.13831000000000002,5118788.45257,0.53928,1.3413499999999998,2.41568,0.69235,0.037037037037037035,0.014814814814814815,0.007407407407407408,0.7481481481481481,0.1925925925925926
132,50,190,0.679,14093,0.0016,0.0151,-0.0075,-0.001,2,2,0,171,15,0.0321,0.1364,0.1775,55258.3843,0.5885,0.977,1.6268,0.01031,-0.00349,0.019209999999999998,0.13560999999999998,0.14121,4255329.865999999,0.54893,1.23029,2.36944,0.6899200000000001,0.010526315789473684,0.010526315789473684,0.0,0.9,0.07894736842105263
133,105,117,0.6765,14198,0.0039,0.0144,-0.0023,-0.0012,16,5,6,73,17,0.0233,0.1272,0.1661,1758094.8125,0.5563,1.6338,1.9596,0.00923,-0.00377,0.02002,0.13788,0.1469,4073853.8847499997,0.55438,1.18977,2.36707,0.6874800000000001,0.13675213675213677,0.042735042735042736,0.05128205128205128,0.6239316239316239,0.1452991452991453
134,135,79,0.6741,14333,0.0088,0.015,0.0007,-0.0013,19,7,11,19,23,0.0152,0.154,0.1228,4848522.0,0.5004,2.0007,2.0953,0.008650000000000001,-0.00394,0.01935,0.13633,0.14265,4434406.884749999,0.55178,1.19449,2.39738,0.68505,0.24050632911392406,0.08860759493670886,0.13924050632911392,0.24050632911392406,0.2911392405063291
135,127,90,0.6717,14460,0.0123,0.0142,0.0016,-0.0013,20,14,4,34,18,0.0243,0.1613,0.166,12867.8857,0.5836,1.6418,1.989,0.00919,-0.0040100000000000005,0.02049,0.14098,0.14637,4433335.09227,0.55461,1.18343,2.42971,0.68262,0.2222222222222222,0.15555555555555556,0.044444444444444446,0.37777777777777777,0.2
136,100,122,0.6692,14560,0.0056,0.0135,-0.002,-0.0015,18,5,5,76,18,0.0125,0.0967,0.1225,8450.74,1.0024,0.8932,1.5895,0.00832,-0.00385,0.020839999999999997,0.1375,0.14668,4423411.91334,0.59825,1.1543199999999998,2.4198999999999997,0.68018,0.14754098360655737,0.040983606557377046,0.040983606557377046,0.6229508196721312,0.14754098360655737
137,74,157,0.6668,14634,0.0051,0.0125,-0.0048,-0.0017,14,2,5,126,10,0.0175,0.1665,0.1541,20561.9432,1.0015,0.9355,1.3884,0.00808,-0.0037600000000000003,0.01971,0.13823,0.14709999999999998,3113451.70766,0.64617,1.1848,2.35549,0.67775,0.08917197452229299,0.012738853503184714,0.03184713375796178,0.802547770700637,0.06369426751592357
138,79,152,0.6644,14713,0.0243,0.0126,-0.0041,-0.002,18,8,7,112,7,0.0138,0.1324,0.1425,33943.5275,0.8829,1.6382,1.6512,0.00912,-0.00354,0.01918,0.13871,0.14668,2432147.68541,0.67591,1.29261,2.10881,0.6753199999999999,0.11842105263157894,0.05263157894736842,0.046052631578947366,0.7368421052631579,0.046052631578947366
139,113,103,0.662,14826,0.0055,0.0123,-0.0003,-0.0021,25,6,20,39,13,0.0134,0.149,0.1062,297687.1328,0.5767,2.0263,2.0502,0.007730000000000001,-0.0030199999999999997,0.01864,0.14296,0.14317,1412904.44078,0.6727299999999999,1.38905,2.11314,0.67289,0.24271844660194175,0.05825242718446602,0.1941747572815534,0.3786407766990291,0.1262135922330097
140,130,84,0.6595,14956,0.014,0.0094,0.001,-0.0021,26,9,16,16,17,0.019,0.1449,0.1378,8575.4899,0.5098,2.1086,2.1098,0.0082,-0.0023699999999999997,0.01883,0.14101000000000002,0.14221999999999999,809490.56477,0.66957,1.4733100000000001,1.9900099999999998,0.6704600000000001,0.30952380952380953,0.10714285714285714,0.19047619047619047,0.19047619047619047,0.20238095238095238
141,135,82,0.6571,15091,0.0209,0.0103,0.0027,-0.002,22,15,5,22,18,0.0208,0.159,0.1771,3547550.4375,0.5652,2.0469,1.9468,0.0102,-0.0015,0.019190000000000002,0.14274,0.14726,1059151.23534,0.6767299999999999,1.5902,1.8406599999999997,0.66803,0.2682926829268293,0.18292682926829268,0.06097560975609756,0.2682926829268293,0.21951219512195122
142,126,96,0.6547,15217,0.0085,0.0106,0.0015,-0.002,28,17,11,34,6,0.0184,0.1319,0.1264,13523301.25,0.9817,1.8551,1.7098,0.01089,-0.0006000000000000001,0.01782,0.14229,0.14215000000000003,2405955.5219099997,0.71605,1.67801,1.84896,0.6656,0.2916666666666667,0.17708333333333334,0.11458333333333333,0.3541666666666667,0.0625
143,82,150,0.6522,15299,0.0673,0.0132,-0.0039,-0.0023,20,11,4,112,3,0.0226,0.1665,0.1548,32605454.2383,6.6621,1.1015,0.9061,0.017230000000000002,-0.0007599999999999999,0.01775,0.14622000000000002,0.14101999999999998,5490691.46449,1.32663,1.62478,1.7436099999999999,0.6631699999999999,0.13333333333333333,0.07333333333333333,0.02666666666666667,0.7466666666666667,0.02
144,42,197,0.6498,15341,0.01,0.013,-0.0051,-0.0026,15,7,5,167,3,0.0211,0.1345,0.1601,2122508640.0,19.7954,0.4968,0.5839,0.017349999999999997,-0.0013399999999999998,0.018340000000000002,0.14426999999999998,0.14475,217256703.26448998,3.25613,1.47439,1.59247,0.66074,0.07614213197969544,0.03553299492385787,0.025380710659898477,0.8477157360406091,0.015228426395939087
145,68,164,0.6474,15409,0.0051,0.0129,-0.0031,-0.0029,21,11,6,124,2,0.0177,0.1276,0.1481,2648577616.0,11.1057,0.7694,1.6611,0.01663,-0.0018099999999999998,0.017679999999999998,0.1409,0.14296,482113178.0759199,4.308339999999999,1.38715,1.55968,0.65831,0.12804878048780488,0.06707317073170732,0.036585365853658534,0.7560975609756098,0.012195121951219513
146,122,95,0.6449,15531,0.0056,0.0125,0.0036,-0.0025,38,31,7,18,1,0.0176,0.1592,0.1313,5667471232.0,5.8938,0.8425,1.4714,0.01663,-0.0012499999999999998,0.01819,0.14715,0.14384,1048859456.2019199,4.797479999999999,1.38208,1.54787,0.65588,0.4,0.3263157894736842,0.07368421052631578,0.18947368421052632,0.010526315789473684
147,126,90,0.6425,15657,0.0072,0.0125,0.0039,-0.0021,36,34,3,15,2,0.0148,0.1169,0.1458,724155776.0,4.1897,0.9284,1.4675,0.01684,-0.00038,0.01792,0.14219,0.14301000000000003,1121272977.6076,5.1163,1.38137,1.55578,0.65345,0.4,0.37777777777777777,0.03333333333333333,0.16666666666666666,0.022222222222222223
148,130,86,0.6401,15787,0.0138,0.0124,0.0055,-0.0015,38,32,5,7,4,0.0182,0.1525,0.1634,1739341056.0,2.8013,0.9613,1.3876,0.01579,0.00058,0.018359999999999998,0.1442,0.1451,1295203688.85485,5.30814,1.31368,1.52942,0.65102,0.4418604651162791,0.37209302325581395,0.05813953488372093,0.08139534883720931,0.046511627906976744
149,137,78,0.6376,15924,0.0259,0.0128,0.0051,-0.001,33,32,2,3,8,0.0168,0.2046,0.1646,1860263392.0,2.0218,0.6059,1.3161,0.017830000000000002,0.00112,0.0187,0.14976,0.15094,1481200259.34157,5.45265,1.1716399999999998,1.45601,0.64858,0.4230769230769231,0.41025641025641024,0.02564102564102564,0.038461538461538464,0.10256410256410256
150,126,91,0.6352,16050,0.0189,0.0133,0.0047,-0.0004,35,25,9,18,4,0.0152,0.1514,0.1476,1104854912.0,1.3998,1.2045,1.6553,0.01832,0.00149,0.01832,0.15041,0.15192,1591684892.99258,5.54165,1.0812300000000001,1.41056,0.64615,0.38461538461538464,0.27472527472527475,0.0989010989010989,0.1978021978021978,0.04395604395604396
151,140,76,0.6328,16190,0.0341,0.0149,0.0034,0.0,32,24,7,8,5,0.0161,0.1482,0.1755,8795933056.0,1.0056,1.2333,1.8494,0.019639999999999998,0.00156,0.017849999999999998,0.14933000000000002,0.15176,2470923443.5488296,5.5856900000000005,0.9998699999999999,1.40082,0.64372,0.42105263157894735,0.3157894736842105,0.09210526315789473,0.10526315789473684,0.06578947368421052
152,127,86,0.6303,16317,0.0124,0.0154,0.0024,0.0005,28,24,5,13,16,0.0269,0.2092,0.1671,6637428608.0,0.8222,1.4911,2.0679,0.02003,0.00165,0.0187,0.15706,0.15583,3133313974.2238297,5.56974,0.96347,1.4366299999999999,0.64128,0.32558139534883723,0.27906976744186046,0.05813953488372093,0.1511627906976744,0.18604651162790697
153,126,87,0.6279,16443,0.0052,0.0155,0.0032,0.0008,34,25,8,13,7,0.0157,0.153,0.1397,43165530624.0,0.8183,1.4125,2.1281,0.013820000000000002,0.00236,0.01801,0.15571,0.15432,7446606491.2,4.98536,0.9945700000000001,1.55883,0.63885,0.39080459770114945,0.28735632183908044,0.09195402298850575,0.14942528735632185,0.08045977011494253
154,126,87,0.6255,16569,0.0135,0.0157,0.0039,0.001,33,21,12,12,9,0.0134,0.1455,0.1494,876387401728.0,0.7624,1.3074,2.2844,0.014169999999999999,0.00326,0.01724,0.15681,0.15325,94873095800.0,3.08206,1.07563,1.7288799999999998,0.63642,0.3793103448275862,0.2413793103448276,0.13793103448275862,0.13793103448275862,0.10344827586206896
155,126,89,0.623,16695,0.0159,0.0159,0.0049,0.0011,35,25,9,14,6,0.02,0.178,0.1664,12930004811776.0,0.8132,1.229,2.2281,0.015250000000000003,0.004059999999999999,0.017470000000000003,0.16185,0.15508,1387608719216.0,2.05281,1.1215899999999999,1.78558,0.63398,0.39325842696629215,0.2808988764044944,0.10112359550561797,0.15730337078651685,0.06741573033707865
156,136,84,0.6206,16831,0.0437,0.0178,0.0034,0.0014,32,20,12,15,5,0.0297,0.1983,0.2056,106997180416.0,0.8886,1.5418,2.1286,0.01906,0.00404,0.01868,0.16576,0.16251,1397741690134.4,1.55229,1.1915200000000001,1.8513000000000002,0.6315500000000001,0.38095238095238093,0.23809523809523808,0.14285714285714285,0.17857142857142858,0.05952380952380952
157,134,80,0.6182,16965,0.0098,0.0181,0.0021,0.0017,27,16,11,12,14,0.0177,0.1479,0.1361,1593855264.0,0.7577,1.5582,1.9738,0.01932,0.0038599999999999997,0.01897,0.16885999999999998,0.16154,1397828660083.2,1.2090900000000002,1.2545,1.9019300000000001,0.62912,0.3375,0.2,0.1375,0.15,0.175
158,127,86,0.6157,17092,0.0125,0.0175,0.0038,0.0021,31,15,14,12,14,0.0179,0.1726,0.1694,6579834.75,0.7474,1.5505,1.8313,0.019190000000000002,0.0036899999999999997,0.018940000000000002,0.17087000000000002,0.16214,1397655383961.075,1.0036999999999998,1.3134200000000003,1.9463000000000001,0.62668,0.36046511627906974,0.1744186046511628,0.16279069767441862,0.13953488372093023,0.16279069767441862
159,134,80,0.6133,17226,0.0126,0.0178,0.0015,0.0022,26,15,11,14,14,0.029,0.189,0.167,279136.8594,0.629,1.691,1.8633,0.017859999999999997,0.0033299999999999996,0.02016,0.16931000000000002,0.16238000000000002,1397469385535.561,0.86442,1.4219300000000001,2.0010199999999996,0.62425,0.325,0.1875,0.1375,0.175,0.175
160,135,78,0.6109,17361,0.0453,0.0194,0.0009,0.0022,21,13,6,18,20,0.0184,0.1927,0.1718,631497.7188,0.5006,1.9871,2.0192,0.020499999999999997,0.00295,0.02048,0.17343999999999998,0.1648,1397358963194.1328,0.7745,1.50019,2.0374100000000004,0.6218199999999999,0.2692307692307692,0.16666666666666666,0.07692307692307693,0.23076923076923078,0.2564102564102564
161,131,85,0.6084,17492,0.0154,0.0191,0.0003,0.0021,24,9,14,19,19,0.026,0.1227,0.1546,1030901.0625,0.5613,2.0071,1.9802,0.01863,0.0026399999999999996,0.02147,0.17089,0.16271,1396479472978.6392,0.73007,1.5775700000000001,2.05049,0.61938,0.2823529411764706,0.10588235294117647,0.16470588235294117,0.2235294117647059,0.2235294117647059
162,107,113,0.606,17599,0.0057,0.019,0.0009,0.0021,30,12,16,52,3,0.0125,0.1928,0.1591,802912.1875,0.7016,1.8862,1.8011,0.01796,0.00249,0.02003,0.16925,0.16191,1395815810409.0579,0.7180099999999999,1.61708,2.02381,0.61695,0.26548672566371684,0.10619469026548672,0.1415929203539823,0.46017699115044247,0.02654867256637168
163,89,140,0.6036,17688,0.0191,0.0166,-0.0016,0.0022,27,4,16,91,2,0.0274,0.1902,0.1723,190349.5592,1.2783,1.1695,1.4655,0.01935,0.00201,0.0212,0.17297,0.16516999999999998,1391499276381.6138,0.7640100000000001,1.59278,1.9575500000000001,0.61452,0.19285714285714287,0.02857142857142857,0.11428571428571428,0.65,0.014285714285714285
164,51,191,0.6012,17739,0.0207,0.0171,-0.0056,0.0022,14,0,6,170,1,0.0192,0.1088,0.1518,2507858.0195,2.8238,0.4209,1.4653,0.02007,0.0010599999999999997,0.02178,0.1693,0.16541,1303860786994.6157,0.97015,1.50413,1.87564,0.61209,0.07329842931937172,0.0,0.031413612565445025,0.8900523560209425,0.005235602094240838
165,3,252,0.5987,17742,-0.0033,0.0167,-0.0077,0.0019,2,0,0,250,0,0.0207,0.1688,0.1763,25428782.6875,2.6402,0.0549,1.0339,0.018150000000000003,-0.0002000000000000001,0.021849999999999998,0.16838000000000003,0.16640000000000002,10862848695.284441,1.1528500000000002,1.38672,1.7562200000000001,0.60966,0.007936507936507936,0.0,0.0,0.9920634920634921,0.0
166,14,238,0.5963,17756,0.0556,0.0192,-0.0077,0.0014,4,0,4,230,0,0.0218,0.1983,0.1657,43596146.875,2.2847,0.8393,1.0148,0.01934,-0.00131,0.021060000000000002,0.16838,0.16241,167490268.37194,1.29246,1.31647,1.6448399999999999,0.60723,0.01680672268907563,0.0,0.01680672268907563,0.9663865546218487,0.0
167,132,84,0.5939,17888,0.0193,0.0198,0.0012,0.0012,37,0,39,6,2,0.0134,0.1298,0.1405,45705342.0,2.6297,0.5456,1.9968,0.02029,-0.0014000000000000002,0.02063,0.16657000000000002,0.16285,12675276.17194,1.47966,1.2152100000000001,1.6471399999999998,0.6048,0.44047619047619047,0.0,0.4642857142857143,0.07142857142857142,0.023809523809523808
168,128,86,0.5914,18016,0.0135,0.0198,0.0013,0.001,41,1,42,2,0,0.0161,0.1393,0.1216,2989292.0625,2.9098,0.3143,1.9889,0.02039,-0.00165,0.02045,0.16324,0.15807,12316221.90319,1.6959,1.0915899999999998,1.6628999999999998,0.60237,0.47674418604651164,0.011627906976744186,0.4883720930232558,0.023255813953488372,0.0
169,131,83,0.589,18147,0.0321,0.0201,0.0013,0.0008,40,0,38,2,3,0.0411,0.1784,0.2057,537350.7344,1.8165,0.5299,1.8274,0.02234,-0.00167,0.02166,0.16218,0.16194,12342043.290690001,1.8146500000000003,0.9754799999999999,1.65931,0.59994,0.4819277108433735,0.0,0.4578313253012048,0.024096385542168676,0.03614457831325301
170,120,94,0.5866,18267,0.0072,0.0195,0.001,0.0006,38,1,39,15,1,0.037,0.1754,0.1979,4459743.5625,0.872,1.1902,1.8328,0.018529999999999998,-0.0016600000000000005,0.02352,0.16045,0.16455,12724867.875060001,1.85179,0.8957899999999999,1.6406699999999996,0.59751,0.40425531914893614,0.010638297872340425,0.4148936170212766,0.1595744680851064,0.010638297872340425
171,132,85,0.5841,18399,0.0331,0.0195,0.0012,0.0005,36,6,30,10,3,0.0195,0.1009,0.118,8233066.5,0.585,1.7036,1.9678,0.020300000000000002,-0.0015700000000000002,0.022869999999999998,0.15827,0.16089,13445084.41881,1.8541599999999998,0.8654400000000001,1.6394299999999997,0.59508,0.4235294117647059,0.07058823529411765,0.35294117647058826,0.11764705882352941,0.03529411764705882
172,135,81,0.5817,18534,0.0354,0.0206,0.0021,0.0005,32,9,23,9,8,0.0158,0.1362,0.1263,3035027.25,0.5192,1.9773,2.0786,0.02327,-0.0014500000000000003,0.023200000000000002,0.15261,0.15761,13668295.92506,1.8359200000000002,0.8745499999999999,1.66718,0.59265,0.3950617283950617,0.1111111111111111,0.2839506172839506,0.1111111111111111,0.09876543209876543
173,136,77,0.5793,18670,0.0457,0.0226,0.0022,0.0005,27,15,11,8,16,0.0208,0.1791,0.1654,3177069.8125,0.4972,2.0694,2.1576,0.025929999999999998,-0.0010700000000000002,0.022539999999999998,0.15150000000000002,0.15692,13966967.950390002,1.7578099999999999,0.9645400000000001,1.73639,0.59022,0.35064935064935066,0.19480519480519481,0.14285714285714285,0.1038961038961039,0.2077922077922078
174,126,84,0.5768,18796,0.0099,0.0225,0.0008,0.0003,27,13,15,10,19,0.0242,0.1503,0.1664,6611619.875,0.4986,2.0615,2.1555,0.02485,-0.0004300000000000001,0.023039999999999998,0.15565,0.15838000000000002,14377344.13594,1.52529,1.1286,1.8054099999999997,0.5877800000000001,0.32142857142857145,0.15476190476190477,0.17857142857142858,0.11904761904761904,0.2261904761904762
175,131,79,0.5744,18927,0.013,0.0223,-0.0002,0.0001,22,11,11,13,22,0.0124,0.162,0.1319,1680948.7188,0.5312,2.0012,2.0982,0.026480000000000004,0.0003199999999999999,0.02221,0.15497,0.15394,12002560.73907,1.31439,1.3232300000000001,1.9118400000000002,0.58535,0.27848101265822783,0.13924050632911392,0.13924050632911392,0.16455696202531644,0.27848101265822783
176,127,87,0.572,19054,0.0072,0.0205,0.0032,0.0,33,25,8,9,12,0.0207,0.1414,0.1288,80258.873,0.59,1.7865,1.9425,0.02164,0.00141,0.0221,0.14928000000000002,0.15025,7650971.93887,1.14492,1.4179499999999998,2.00461,0.58292,0.3793103448275862,0.28735632183908044,0.09195402298850575,0.10344827586206896,0.13793103448275862
177,131,84,0.5695,19185,0.0501,0.0225,0.0033,0.0001,35,27,7,11,4,0.023,0.1255,0.1688,1993535.3516,0.7925,1.5726,1.7197,0.02472,0.00162,0.02306,0.14884999999999998,0.15308,3279791.27403,0.9612,1.52065,1.9768999999999999,0.58048,0.4166666666666667,0.32142857142857145,0.08333333333333333,0.13095238095238096,0.047619047619047616
178,116,100,0.5671,19301,0.0164,0.0227,0.0043,0.0001,41,37,2,19,1,0.0149,0.194,0.1545,2932695.0,1.2439,1.3651,1.3589,0.025009999999999998,0.0019200000000000003,0.02294,0.15431999999999998,0.15636999999999998,3274131.56778,0.7946099999999999,1.6257300000000001,1.9139,0.57805,0.41,0.37,0.02,0.19,0.01
179,109,109,0.5647,19410,0.0154,0.0228,0.0023,0.0002,36,34,2,37,0,0.0216,0.1751,0.1694,11565107.25,1.4306,1.5839,1.4791,0.02334,0.00202,0.02099,0.15399000000000002,0.15274,4376907.219339999,0.75602,1.7311299999999998,1.87907,0.57562,0.3302752293577982,0.3119266055045872,0.01834862385321101,0.3394495412844037,0.0
180,88,135,0.5622,19498,0.0149,0.0213,0.0003,0.0001,31,18,4,82,0,0.0207,0.1545,0.1807,2895516.6836,2.2412,1.3201,1.695,0.02411,0.00195,0.01936,0.1519,0.15102,4220484.53145,0.89294,1.74412,1.8652900000000003,0.57318,0.22962962962962963,0.13333333333333333,0.02962962962962963,0.6074074074074074,0.0
181,50,189,0.5598,19548,0.0216,0.0216,-0.0048,-0.0001,19,5,5,159,1,0.0265,0.1862,0.1707,295579.877,1.7072,1.3774,1.1678,0.02296,0.00135,0.02006,0.16043000000000002,0.15628999999999998,3426735.86915,1.00516,1.7114999999999998,1.7852900000000003,0.57075,0.10052910052910052,0.026455026455026454,0.026455026455026454,0.8412698412698413,0.005291005291005291
182,43,200,0.5574,19591,0.0387,0.0233,-0.0066,-0.0005,12,3,10,173,2,0.0175,0.1761,0.1567,32552.28,1.9576,1.1632,1.4091,0.023289999999999998,0.0004800000000000001,0.02023,0.16441999999999998,0.15933,3126488.3721499997,1.1489999999999998,1.6300899999999998,1.71834,0.56832,0.06,0.015,0.05,0.865,0.01
183,39,204,0.5549,19630,0.0244,0.0236,-0.0065,-0.0007,12,5,6,180,1,0.0244,0.1356,0.174,136617.4141,1.9252,0.8983,1.274,0.02116,-0.00038999999999999983,0.020590000000000004,0.16007,0.16019,2822443.1323100002,1.2917999999999998,1.51298,1.6299800000000002,0.56588,0.058823529411764705,0.024509803921568627,0.029411764705882353,0.8823529411764706,0.004901960784313725
184,59,178,0.5525,19689,0.0189,0.0235,-0.0059,-0.0008,14,5,10,146,3,0.0239,0.1759,0.1617,61878.708,1.2766,1.1297,1.1891,0.02206,-0.0010599999999999997,0.020560000000000002,0.16263,0.15972,2167469.01561,1.3696,1.4198,1.5333400000000001,0.5634499999999999,0.07865168539325842,0.028089887640449437,0.056179775280898875,0.8202247191011236,0.016853932584269662
185,43,199,0.5501,19732,-0.0001,0.0236,-0.0063,-0.0007,14,3,8,173,1,0.0199,0.1588,0.145,42226.4805,1.0858,0.9701,1.4238,0.020749999999999998,-0.00167,0.02131,0.16231,0.16103,2003596.7917799999,1.42506,1.31669,1.4659,0.56102,0.07035175879396985,0.01507537688442211,0.04020100502512563,0.8693467336683417,0.005025125628140704
186,33,216,0.5476,19765,0.1334,0.0275,-0.0074,-0.0007,6,2,2,205,1,0.0299,0.1326,0.1693,84635746.5,0.9219,1.1269,1.5041,0.03337,-0.00273,0.02223,0.16143,0.16508,10459145.55448,1.45825,1.2507300000000001,1.4220599999999999,0.55858,0.027777777777777776,0.009259259259259259,0.009259259259259259,0.9490740740740741,0.004629629629629629
187,40,201,0.5452,19805,0.0013,0.0266,-0.0064,-0.001,11,6,5,177,2,0.0202,0.1628,0.1492,38713415.5,0.6421,1.8462,1.8018,0.028489999999999998,-0.0036999999999999997,0.02195,0.16516,0.16312,14131133.569319999,1.44321,1.2780900000000002,1.43027,0.55615,0.05472636815920398,0.029850746268656716,0.024875621890547265,0.8805970149253731,0.009950248756218905
188,112,105,0.5428,19917,0.0125,0.0266,0.0011,-0.001,31,14,17,35,8,0.0101,0.142,0.1408,2783945.375,0.5353,2.0818,2.0191,0.028099999999999997,-0.00402,0.02147,0.15996000000000002,0.16175,14116258.606819998,1.37235,1.34976,1.49629,0.55372,0.29523809523809524,0.13333333333333333,0.1619047619047619,0.3333333333333333,0.0761904761904762
189,124,88,0.5404,20041,0.0097,0.0254,0.0017,-0.001,27,14,12,19,16,0.0197,0.1156,0.1436,7747571.625,0.4998,2.1221,2.1485,0.02753,-0.004079999999999999,0.02128,0.15401,0.15917,13734505.044319998,1.27927,1.4035799999999998,1.5632300000000001,0.5512900000000001,0.3068181818181818,0.1590909090909091,0.13636363636363635,0.2159090909090909,0.18181818181818182
190,121,91,0.5379,20162,0.0111,0.0256,0.0003,-0.0011,26,12,14,20,19,0.0144,0.1857,0.1622,2477102.5625,0.496,2.1247,2.1853,0.027149999999999997,-0.00408,0.020649999999999998,0.15713,0.15732,13692663.632210001,1.1047500000000001,1.4840399999999998,1.6122599999999998,0.54886,0.2857142857142857,0.13186813186813187,0.15384615384615385,0.21978021978021978,0.2087912087912088
191,129,83,0.5355,20291,0.0175,0.0249,0.0015,-0.001,28,12,17,10,16,0.0264,0.1739,0.1821,6083120.625,0.4962,2.1121,2.1666,0.026739999999999996,-0.0034500000000000004,0.02064,0.15589999999999998,0.15846,14271417.707010001,0.9836500000000001,1.55751,1.7121400000000002,0.54643,0.3373493975903614,0.14457831325301204,0.20481927710843373,0.12048192771084337,0.1927710843373494
192,130,83,0.5331,20421,0.0182,0.024,0.0007,-0.0011,24,11,12,16,20,0.0142,0.1198,0.1431,4771335.875,0.4966,2.1071,2.167,0.024689999999999997,-0.00272,0.02031,0.15027000000000001,0.15710000000000002,14745296.066510001,0.83755,1.6519,1.78793,0.5439999999999999,0.2891566265060241,0.13253012048192772,0.14457831325301204,0.1927710843373494,0.24096385542168675
193,132,81,0.5306,20553,0.0069,0.0221,0.0001,-0.0012,25,10,15,14,17,0.0244,0.1516,0.1444,7918895.625,0.4972,2.1005,2.1537,0.022939999999999995,-0.00206,0.02031,0.15187,0.15414,15523523.8876,0.69475,1.77212,1.8759000000000001,0.5415699999999999,0.30864197530864196,0.12345679012345678,0.18518518518518517,0.1728395061728395,0.20987654320987653
194,126,86,0.5282,20679,0.0084,0.022,0.0013,-0.0012,27,13,14,16,16,0.0232,0.1396,0.1531,17435268.5,0.4993,2.107,2.1344,0.02189,-0.0013399999999999998,0.02024,0.14823999999999998,0.15328,17260862.866800003,0.6170199999999999,1.86985,1.97043,0.53914,0.313953488372093,0.1511627906976744,0.16279069767441862,0.18604651162790697,0.18604651162790697
195,130,86,0.5258,20809,0.045,0.0236,0.0019,-0.0011,26,12,10,23,15,0.0184,0.1516,0.135,14617219.5,0.5038,2.119,2.1119,0.0264,-0.00052,0.02009,0.14752,0.15228,18718362.16875,0.55882,1.98474,2.03924,0.53671,0.3023255813953488,0.13953488372093023,0.11627906976744186,0.26744186046511625,0.1744186046511628
196,125,87,0.5233,20934,0.0201,0.0242,-0.0002,-0.0013,20,12,8,24,23,0.019,0.1639,0.1736,17768313.0,0.522,2.036,2.0287,0.01507,0.00020000000000000004,0.019,0.15065,0.15270999999999998,12031618.81875,0.51883,2.07565,2.0917000000000003,0.53428,0.22988505747126436,0.13793103448275862,0.09195402298850575,0.27586206896551724,0.26436781609195403
197,134,83,0.5209,21068,0.034,0.0234,0.0011,-0.0014,24,20,5,20,14,0.0201,0.1374,0.1535,15812374.25,0.5166,1.9971,1.9363,0.018340000000000002,0.0009500000000000001,0.01899,0.14811000000000002,0.15314,9741514.69375,0.50628,2.09074,2.10515,0.5318499999999999,0.2891566265060241,0.24096385542168675,0.060240963855421686,0.24096385542168675,0.1686746987951807
198,121,92,0.5185,21189,0.0053,0.0229,0.0005,-0.0016,27,21,4,24,16,0.0249,0.1953,0.1586,4223281.875,0.5287,1.9137,1.8615,0.01762,0.0008900000000000002,0.02047,0.15344000000000002,0.15492,9885448.34375,0.5056200000000001,2.07393,2.08939,0.52942,0.29347826086956524,0.22826086956521738,0.043478260869565216,0.2608695652173913,0.17391304347826086
199,118,102,0.516,21307,0.0476,0.0245,0.0001,-0.0017,27,23,3,41,8,0.0085,0.0921,0.1154,6954789.125,0.6204,1.5525,1.5991,0.021410000000000002,0.0007300000000000001,0.01935,0.15109,0.15209999999999999,9806170.09375,0.51768,2.0169699999999997,2.03445,0.52698,0.2647058823529412,0.22549019607843138,0.029411764705882353,0.4019607843137255,0.0784313725490196
