update,gameplay_rollouts,trade_rollouts,gameplay_reward,gameplay_reward_avg_logged,trade_reward,trade_reward_avg_logged,trade_propose,trade_accept,trade_reject,trade_counter,trade_skip,gameplay_entropy,gameplay_entropy_coef,trade_entropy,trade_entropy_avg_logged,trade_entropy_coef,gp_policy_loss,gp_value_loss,tr_policy_loss,tr_value_loss,tr_tom_loss,trade_propose_rate,trade_accept_rate,trade_reject_rate,trade_counter_rate,trade_skip_rate,trade_accept_given_propose,trade_reward_ma10,gameplay_reward_ma10,trade_entropy_ma10,tr_value_loss_ma10,gp_value_loss_ma10
0,482,296,0.0291,0.0291,0.0022,0.0022,45,7,36,12,196,2.0074,0.008,2.9953,2.9953,0.0005,0.0871,0.4795,0.26,0.4404,2.26091,0.15202702702702703,0.02364864864864865,0.12162162162162163,0.04054054054054054,0.6621621621621622,0.15555555555555556,0.0022,0.0291,2.9953,0.4404,0.4795
1,478,309,0.0408,0.0349,0.006,0.0041,55,20,35,17,182,1.7381,0.00797,2.9953,2.9953,0.000498,0.1714,0.7299,0.2584,0.441,2.252835,0.1779935275080906,0.06472491909385113,0.11326860841423948,0.05501618122977346,0.5889967637540453,0.36363636363636365,0.0041,0.03495,2.9953,0.4407,0.6047
2,481,300,0.0329,0.0342,0.0022,0.0035,50,6,43,10,191,1.6344,0.00793,2.9953,2.9953,0.000495,0.2283,1.064,0.261,0.424,2.244591,0.16666666666666666,0.02,0.14333333333333334,0.03333333333333333,0.6366666666666667,0.12,0.003466666666666667,0.03426666666666667,2.9953,0.43513333333333337,0.7578
3,478,308,0.0241,0.0317,0.0052,0.0039,49,17,33,19,190,1.7019,0.0079,2.9953,2.9953,0.000493,0.5255,1.3873,0.2613,0.4423,2.236256,0.1590909090909091,0.05519480519480519,0.10714285714285714,0.06168831168831169,0.6168831168831169,0.3469387755102041,0.0039000000000000003,0.031725,2.9953,0.436925,0.9151750000000001
4,477,308,0.0312,0.0316,0.0046,0.0041,54,15,39,14,186,1.6284,0.00787,2.9952,2.9953,0.000491,0.2667,1.7345,0.2568,0.4142,2.227679,0.17532467532467533,0.048701298701298704,0.1266233766233766,0.045454545454545456,0.6038961038961039,0.2777777777777778,0.00404,0.031619999999999995,2.99528,0.43238000000000004,1.07904
5,486,294,0.0223,0.03,0.0026,0.0038,48,10,36,8,192,1.587,0.00784,2.9953,2.9953,0.000489,0.2737,2.0689,0.2584,0.4192,2.21894,0.16326530612244897,0.034013605442176874,0.12244897959183673,0.027210884353741496,0.6530612244897959,0.20833333333333334,0.0038,0.03006666666666667,2.995283333333333,0.43018333333333336,1.2440166666666668
6,482,302,0.0187,0.0284,0.0035,0.0038,51,12,38,10,191,1.4968,0.0078,2.9952,2.9953,0.000486,0.2533,2.5738,0.261,0.4501,2.209902,0.16887417218543047,0.039735099337748346,0.12582781456953643,0.033112582781456956,0.6324503311258278,0.23529411764705882,0.0037571428571428573,0.02844285714285714,2.9952714285714284,0.43302857142857143,1.4339857142857144
7,479,304,0.0234,0.0278,0.0051,0.0039,50,18,33,14,189,1.4179,0.00777,2.9952,2.9953,0.000484,0.2464,2.7863,0.2549,0.412,2.200592,0.16447368421052633,0.05921052631578947,0.10855263157894737,0.046052631578947366,0.6217105263157895,0.36,0.003925,0.0278125,2.9952625,0.4304,1.6030250000000001
8,486,295,0.0211,0.0271,0.0029,0.0038,41,11,30,12,201,1.4269,0.00774,2.9952,2.9953,0.000482,0.2713,3.1249,0.2564,0.4033,2.190953,0.13898305084745763,0.03728813559322034,0.1016949152542373,0.04067796610169491,0.6813559322033899,0.2682926829268293,0.0038111111111111106,0.02706666666666667,2.9952555555555556,0.4273888888888889,1.7721222222222222
9,482,299,0.0233,0.0267,0.0032,0.0038,46,11,35,12,195,1.4066,0.00771,2.9952,2.9952,0.00048,0.2499,3.54,0.2566,0.4431,2.180959,0.15384615384615385,0.03678929765886288,0.11705685618729098,0.04013377926421405,0.6521739130434783,0.2391304347826087,0.00375,0.026690000000000002,2.99525,0.42896,1.9489100000000001
10,486,296,0.0226,0.0263,0.0029,0.0037,48,11,37,7,193,1.3833,0.00767,2.9952,2.9952,0.000477,0.2634,3.6755,0.2469,0.4354,2.170238,0.16216216216216217,0.037162162162162164,0.125,0.02364864864864865,0.652027027027027,0.22916666666666666,0.0038199999999999996,0.026039999999999997,2.99524,0.42846,2.26851
11,475,311,0.0171,0.0255,0.0043,0.0037,56,13,43,14,185,1.3869,0.00764,2.9952,2.9952,0.000475,0.3907,4.1017,0.2532,0.4342,2.158768,0.18006430868167203,0.04180064308681672,0.1382636655948553,0.04501607717041801,0.594855305466238,0.23214285714285715,0.0036500000000000005,0.02367,2.9952300000000003,0.42778,2.60569
12,473,313,0.0196,0.0251,0.0058,0.0039,55,16,39,23,180,1.0961,0.00761,2.9952,2.9952,0.000473,0.2732,4.8914,0.257,0.4371,2.146304,0.1757188498402556,0.051118210862619806,0.12460063897763578,0.07348242811501597,0.5750798722044729,0.2909090909090909,0.00401,0.02234,2.9952199999999998,0.42908999999999997,2.98843
13,489,292,0.0408,0.0262,0.0023,0.0038,37,9,28,12,206,1.6881,0.00758,2.9952,2.9952,0.000471,0.1213,1.9706,0.2558,0.4334,2.13261,0.1267123287671233,0.030821917808219176,0.0958904109589041,0.0410958904109589,0.7054794520547946,0.24324324324324326,0.0037199999999999998,0.024009999999999997,2.9952099999999997,0.4282,3.04676
14,477,306,0.0406,0.0272,0.0052,0.0039,47,16,31,21,191,2.045,0.00754,2.9952,2.9952,0.000468,0.1302,0.5396,0.2545,0.4417,2.116936,0.15359477124183007,0.05228758169934641,0.10130718954248366,0.06862745098039216,0.6241830065359477,0.3404255319148936,0.00378,0.02495,2.99521,0.43095,2.92727
15,482,300,0.045,0.0283,0.0035,0.0038,47,12,34,13,194,2.0085,0.00751,2.9952,2.9952,0.000466,0.2668,0.7056,0.2578,0.4367,2.099534,0.15666666666666668,0.04,0.11333333333333333,0.043333333333333335,0.6466666666666666,0.2553191489361702,0.0038699999999999997,0.02722,2.9952,0.4327,2.79094
16,479,304,0.03,0.0284,0.003,0.0038,54,7,46,13,184,1.9587,0.00748,2.9952,2.9952,0.000464,0.1742,0.9152,0.2498,0.4401,2.079431,0.17763157894736842,0.023026315789473683,0.1513157894736842,0.04276315789473684,0.6052631578947368,0.12962962962962962,0.0038199999999999996,0.028349999999999997,2.9952,0.43170000000000003,2.6250799999999996
17,484,299,0.033,0.0286,0.005,0.0039,48,21,28,8,194,1.9016,0.00744,2.9952,2.9952,0.000462,0.2341,1.3112,0.2536,0.461,2.060655,0.1605351170568562,0.07023411371237458,0.09364548494983277,0.026755852842809364,0.6488294314381271,0.4375,0.00381,0.029310000000000003,2.9952,0.4366,2.47757
18,488,291,0.024,0.0284,0.0026,0.0038,43,11,31,8,198,1.8681,0.00741,2.9952,2.9952,0.000459,0.2015,1.2947,0.252,0.4501,2.041094,0.14776632302405499,0.037800687285223365,0.10652920962199312,0.027491408934707903,0.6804123711340206,0.2558139534883721,0.0037799999999999995,0.029600000000000005,2.9952,0.44128,2.29455
19,478,309,0.0311,0.0285,0.0033,0.0038,57,8,49,13,182,1.8611,0.00738,2.9952,2.9952,0.000457,0.2594,0.9686,0.2475,0.4513,2.020966,0.18446601941747573,0.025889967637540454,0.15857605177993528,0.042071197411003236,0.5889967637540453,0.14035087719298245,0.0037900000000000004,0.030379999999999997,2.9952,0.44210000000000005,2.03741
20,487,292,0.0197,0.0281,0.0027,0.0038,42,12,30,7,201,1.8274,0.00735,2.9952,2.9952,0.000455,0.1919,1.3231,0.2501,0.3702,1.997095,0.14383561643835616,0.0410958904109589,0.10273972602739725,0.023972602739726026,0.6883561643835616,0.2857142857142857,0.00377,0.03009,2.9952,0.43557999999999997,1.8021699999999998
21,471,315,0.0168,0.0269,0.0059,0.0038,63,18,44,16,174,1.7913,0.00731,2.9951,2.9952,0.000453,0.1551,1.6657,0.2502,0.4219,1.966624,0.2,0.05714285714285714,0.13968253968253969,0.050793650793650794,0.5523809523809524,0.2857142857142857,0.00393,0.030060000000000003,2.99519,0.43435000000000007,1.55857
22,481,303,0.036,0.027,0.0035,0.0039,53,11,42,11,186,1.738,0.00728,2.995,2.9952,0.00045,0.2272,1.8105,0.2483,0.4555,1.927847,0.17491749174917492,0.036303630363036306,0.13861386138613863,0.036303630363036306,0.6138613861386139,0.20754716981132076,0.0037000000000000006,0.0317,2.9951700000000003,0.43619,1.25048
23,489,290,0.0279,0.0272,0.0016,0.0037,41,8,33,5,203,1.6678,0.00725,2.9948,2.9952,0.000448,0.1992,1.3809,0.2488,0.4561,1.87898,0.1413793103448276,0.027586206896551724,0.11379310344827587,0.017241379310344827,0.7,0.1951219512195122,0.00363,0.03041,2.9951300000000005,0.43845999999999996,1.19151
24,490,290,0.0331,0.0273,0.0023,0.0036,38,11,26,8,207,1.5324,0.00722,2.9946,2.9951,0.000446,0.2279,1.697,0.249,0.3909,1.815684,0.1310344827586207,0.03793103448275862,0.0896551724137931,0.027586206896551724,0.7137931034482758,0.2894736842105263,0.00334,0.02966,2.99507,0.43338,1.30725
25,482,300,0.0196,0.0272,0.003,0.0036,46,10,36,12,196,1.2072,0.00718,2.9941,2.9951,0.000443,0.1923,2.1224,0.2398,0.3721,1.736159,0.15333333333333332,0.03333333333333333,0.12,0.04,0.6533333333333333,0.21739130434782608,0.00329,0.02712,2.99496,0.42691999999999997,1.44893
26,483,298,0.0278,0.0276,0.0045,0.0036,51,18,34,7,188,1.3244,0.00715,2.9935,2.995,0.000441,0.2127,1.7576,0.2298,0.4586,1.635503,0.17114093959731544,0.06040268456375839,0.11409395973154363,0.02348993288590604,0.6308724832214765,0.35294117647058826,0.00344,0.0269,2.99479,0.42877,1.53317
27,486,294,0.0404,0.0285,0.0015,0.0035,45,6,36,10,197,1.8418,0.00712,2.9924,2.9949,0.000439,0.2106,0.7497,0.2268,0.4373,1.51087,0.15306122448979592,0.02040816326530612,0.12244897959183673,0.034013605442176874,0.6700680272108843,0.13333333333333333,0.00309,0.027639999999999998,2.99451,0.4264,1.47702
28,485,294,0.0339,0.0291,0.0021,0.0034,48,8,38,7,193,1.9497,0.00709,2.9907,2.9946,0.000437,0.195,0.7508,0.2168,0.4435,1.360032,0.16326530612244897,0.027210884353741496,0.1292517006802721,0.023809523809523808,0.6564625850340136,0.16666666666666666,0.0030399999999999997,0.028629999999999996,2.99406,0.42573999999999995,1.4226299999999998
29,488,294,0.0251,0.0292,0.0017,0.0033,38,7,32,11,206,1.9665,0.00705,2.9882,2.9943,0.000434,0.2434,1.0419,0.1991,0.3951,1.183164,0.1292517006802721,0.023809523809523808,0.10884353741496598,0.03741496598639456,0.7006802721088435,0.18421052631578946,0.0028799999999999997,0.02803,2.99336,0.42012,1.4299600000000001
30,476,310,0.0369,0.0299,0.0051,0.0034,53,15,38,19,185,1.8644,0.00702,2.9842,2.9937,0.000432,0.506,1.3775,0.1757,0.4513,0.982733,0.17096774193548386,0.04838709677419355,0.12258064516129032,0.06129032258064516,0.5967741935483871,0.2830188679245283,0.00312,0.02975,2.9922600000000004,0.42823,1.4354
31,486,292,0.0273,0.0304,0.0026,0.0034,38,10,26,13,205,1.7576,0.00699,2.9781,2.9929,0.00043,0.2217,1.6811,0.1427,0.4464,0.762432,0.13013698630136986,0.03424657534246575,0.08904109589041095,0.04452054794520548,0.702054794520548,0.2631578947368421,0.00279,0.0308,2.99056,0.43068,1.4369399999999999
32,480,304,0.0289,0.0309,0.0028,0.0032,48,6,42,17,191,1.6504,0.00695,2.9706,2.9916,0.000428,0.3864,2.0809,0.0937,0.4325,0.538941,0.15789473684210525,0.019736842105263157,0.13815789473684212,0.05592105263157895,0.6282894736842105,0.125,0.00272,0.03009,2.98812,0.42838000000000004,1.46398
33,481,302,0.0289,0.0303,0.0039,0.0033,46,13,34,17,192,1.4241,0.00692,2.9616,2.99,0.000425,0.2971,2.3891,0.0883,0.4492,0.338312,0.152317880794702,0.04304635761589404,0.11258278145695365,0.056291390728476824,0.6357615894039735,0.2826086956521739,0.0029500000000000004,0.03019,2.9848000000000003,0.42769,1.5648
34,483,300,0.0193,0.0292,0.0027,0.0032,50,10,40,7,193,1.2669,0.00689,2.9581,2.9881,0.000423,0.2219,2.7348,0.1125,0.3883,0.203954,0.16666666666666666,0.03333333333333333,0.13333333333333333,0.023333333333333334,0.6433333333333333,0.2,0.00299,0.028810000000000002,2.98115,0.42743000000000003,1.66858
35,487,294,0.028,0.0284,0.0023,0.0031,43,9,34,9,199,1.1889,0.00686,2.964,2.9866,0.000421,0.248,3.0259,0.1523,0.4513,0.129862,0.14625850340136054,0.030612244897959183,0.11564625850340136,0.030612244897959183,0.6768707482993197,0.20930232558139536,0.00292,0.02965,2.9781400000000002,0.43535,1.75893
36,477,307,0.0185,0.0278,0.0039,0.0032,51,11,40,16,189,1.1637,0.00682,2.9753,2.9856,0.000419,0.2529,3.483,0.1769,0.4228,0.093382,0.16612377850162866,0.035830618892508145,0.13029315960912052,0.05211726384364821,0.6156351791530945,0.21568627450980393,0.00286,0.028720000000000002,2.97632,0.43177000000000004,1.9314699999999998
37,485,296,0.0226,0.0273,0.0032,0.0031,45,11,34,12,194,1.1538,0.00679,2.9856,2.9851,0.000416,0.2535,3.8205,0.1536,0.4407,0.076253,0.15202702702702703,0.037162162162162164,0.11486486486486487,0.04054054054054054,0.6554054054054054,0.24444444444444444,0.00303,0.026940000000000002,2.97564,0.43211000000000005,2.23855
38,484,297,0.0282,0.0275,0.0038,0.0031,48,15,31,9,194,1.44,0.00676,2.9915,2.9849,0.000414,0.168,1.8705,0.1261,0.4359,0.070169,0.16161616161616163,0.050505050505050504,0.10437710437710437,0.030303030303030304,0.6531986531986532,0.3125,0.0032,0.026369999999999998,2.97572,0.43134999999999996,2.3505200000000004
39,483,299,0.032,0.0275,0.0024,0.0031,45,8,38,11,197,1.6395,0.00673,2.9927,2.9848,0.000412,0.14,1.1726,0.0896,0.4398,0.071569,0.1505016722408027,0.026755852842809364,0.12709030100334448,0.03678929765886288,0.6588628762541806,0.17777777777777778,0.00327,0.02706,2.9761699999999998,0.43582,2.36359
40,476,309,0.0529,0.0292,0.0052,0.0032,54,15,38,20,182,1.869,0.00669,2.9909,2.9846,0.00041,0.23,1.0477,0.0434,0.4359,0.078868,0.17475728155339806,0.04854368932038835,0.12297734627831715,0.06472491909385113,0.5889967637540453,0.2777777777777778,0.0032800000000000004,0.02866,2.97684,0.43428000000000005,2.33061
41,483,299,0.0345,0.0301,0.0038,0.0031,48,14,32,11,194,1.9417,0.00666,2.9898,2.9843,0.000407,0.2477,1.2602,0.0304,0.4562,0.091308,0.1605351170568562,0.046822742474916385,0.10702341137123746,0.03678929765886288,0.6488294314381271,0.2916666666666667,0.0034000000000000002,0.02938,2.9780100000000003,0.43526,2.28852
42,482,300,0.0376,0.0302,0.0044,0.0031,51,17,34,8,190,1.9666,0.00663,2.9907,2.9841,0.000405,0.3417,1.5047,0.0399,0.4368,0.105626,0.17,0.056666666666666664,0.11333333333333333,0.02666666666666667,0.6333333333333333,0.3333333333333333,0.00356,0.030250000000000006,2.98002,0.43568999999999997,2.2309
43,473,315,0.031,0.0303,0.0047,0.0033,55,11,45,23,181,1.9138,0.0066,2.9924,2.984,0.000403,0.3749,1.9049,0.0429,0.4318,0.113438,0.1746031746031746,0.03492063492063492,0.14285714285714285,0.07301587301587302,0.5746031746031746,0.2,0.00364,0.030459999999999997,2.9831,0.43395,2.18248
44,485,295,0.0333,0.0303,0.0028,0.0033,46,10,33,11,195,1.884,0.00656,2.9933,2.9839,0.000401,0.3285,2.1551,0.0474,0.4277,0.111089,0.15593220338983052,0.03389830508474576,0.11186440677966102,0.03728813559322034,0.6610169491525424,0.21739130434782608,0.0036499999999999996,0.03186,2.98662,0.43789,2.12451
45,488,291,0.0276,0.0307,0.003,0.0033,42,14,26,6,203,1.9047,0.00653,2.9936,2.9839,0.000398,0.2428,2.4452,0.0464,0.4389,0.100895,0.14432989690721648,0.048109965635738834,0.08934707903780069,0.020618556701030927,0.697594501718213,0.3333333333333333,0.00372,0.03182,2.9895799999999997,0.43665000000000004,2.06644
46,480,303,0.0326,0.031,0.0046,0.0033,54,16,38,11,184,1.8534,0.0065,2.9933,2.9839,0.000396,0.2618,2.7513,0.0371,0.4324,0.085636,0.1782178217821782,0.052805280528052806,0.1254125412541254,0.036303630363036306,0.6072607260726073,0.2962962962962963,0.0037900000000000004,0.03323,2.9913800000000004,0.43761,1.99327
47,483,301,0.0338,0.0307,0.004,0.0034,44,15,31,13,198,1.777,0.00646,2.9929,2.9839,0.000394,0.2343,3.1336,0.0374,0.4501,0.068811,0.1461794019933555,0.04983388704318937,0.10299003322259136,0.04318936877076412,0.6578073089700996,0.3409090909090909,0.0038699999999999997,0.034350000000000006,2.99211,0.43855000000000005,1.92458
48,482,299,0.0273,0.0303,0.004,0.0035,46,14,32,14,193,1.7075,0.00643,2.9928,2.984,0.000391,0.2738,3.5653,0.0244,0.4536,0.05389,0.15384615384615385,0.046822742474916385,0.10702341137123746,0.046822742474916385,0.6454849498327759,0.30434782608695654,0.0038900000000000002,0.03426,2.99224,0.44032,2.09406
49,479,305,0.0189,0.03,0.0048,0.0037,55,17,38,10,185,1.6395,0.0064,2.9933,2.9842,0.000389,0.5112,3.8103,0.0334,0.4182,0.042142,0.18032786885245902,0.05573770491803279,0.12459016393442623,0.03278688524590164,0.6065573770491803,0.3090909090909091,0.00413,0.03294999999999999,2.9922999999999997,0.43816,2.35783
50,480,303,0.0272,0.0295,0.0044,0.0037,49,14,34,16,190,1.3747,0.00637,2.9942,2.9847,0.000387,0.2569,4.2107,0.0355,0.4049,0.034595,0.1617161716171617,0.0462046204620462,0.11221122112211221,0.052805280528052806,0.6270627062706271,0.2857142857142857,0.00405,0.030379999999999997,2.9926299999999997,0.43506,2.6741300000000003
51,493,286,0.0207,0.0292,0.0019,0.0036,37,12,23,5,209,1.347,0.00633,2.9946,2.9856,0.000385,0.2651,3.0193,0.0357,0.4264,0.031193,0.12937062937062938,0.04195804195804196,0.08041958041958042,0.017482517482517484,0.7307692307692307,0.32432432432432434,0.00386,0.028999999999999998,2.99311,0.43208,2.85004
52,475,308,0.0306,0.0293,0.0041,0.0037,59,11,48,13,177,1.4397,0.0063,2.9947,2.9868,0.000382,0.1373,1.2358,0.0329,0.4367,0.030959,0.19155844155844157,0.03571428571428571,0.15584415584415584,0.04220779220779221,0.5746753246753247,0.1864406779661017,0.00383,0.0283,2.9935099999999997,0.43207000000000007,2.82315
53,482,302,0.0344,0.0296,0.0037,0.0037,52,13,37,9,191,1.5477,0.00627,2.9944,2.9884,0.00038,0.1525,0.9237,0.0215,0.4406,0.033869,0.17218543046357615,0.04304635761589404,0.12251655629139073,0.029801324503311258,0.6324503311258278,0.25,0.00373,0.02864,2.99371,0.43295000000000006,2.72503
54,484,297,0.032,0.0302,0.0028,0.0037,47,10,39,9,192,1.6078,0.00624,2.9943,2.9902,0.000378,0.1733,1.0899,0.0249,0.433,0.03917,0.15824915824915825,0.03367003367003367,0.13131313131313133,0.030303030303030304,0.6464646464646465,0.2127659574468085,0.00373,0.02851,2.9938100000000003,0.43348,2.61851
55,486,296,0.0231,0.0299,0.0022,0.0037,46,9,37,6,198,1.6771,0.0062,2.9946,2.9917,0.000376,0.2324,1.2333,0.0236,0.4274,0.044967,0.1554054054054054,0.030405405405405407,0.125,0.02027027027027027,0.668918918918919,0.1956521739130435,0.0036499999999999996,0.02806,2.99391,0.43233,2.49732
56,484,296,0.03,0.0305,0.0028,0.0036,49,11,37,6,193,1.7261,0.00617,2.995,2.9927,0.000373,0.2939,1.5505,0.0263,0.4277,0.047724,0.16554054054054054,0.037162162162162164,0.125,0.02027027027027027,0.652027027027027,0.22448979591836735,0.00347,0.0278,2.99408,0.43186,2.37724
57,489,290,0.0244,0.0306,0.0035,0.0036,37,16,22,9,206,1.6604,0.00614,2.9954,2.9932,0.000371,0.2971,1.7798,0.0267,0.4087,0.046484,0.12758620689655173,0.05517241379310345,0.07586206896551724,0.03103448275862069,0.7103448275862069,0.43243243243243246,0.0034200000000000003,0.026860000000000002,2.99433,0.42772000000000004,2.24186
58,490,289,0.0289,0.0307,0.0006,0.0035,40,4,36,5,204,1.7213,0.00611,2.9954,2.9934,0.000369,0.3566,2.2102,0.0219,0.4223,0.040572,0.1384083044982699,0.01384083044982699,0.1245674740484429,0.01730103806228374,0.7058823529411765,0.1,0.00308,0.02702,2.99459,0.42458999999999997,2.10635
59,484,298,0.0308,0.0306,0.0023,0.0035,53,9,42,4,190,1.7748,0.00607,2.9953,2.9935,0.000367,0.3331,2.5301,0.0151,0.4298,0.032885,0.17785234899328858,0.030201342281879196,0.14093959731543623,0.013422818791946308,0.6375838926174496,0.16981132075471697,0.00283,0.028210000000000002,2.99479,0.42575,1.9783300000000001
60,485,296,0.026,0.0292,0.0042,0.0034,47,16,30,10,193,1.7762,0.00604,2.9949,2.9937,0.000364,0.2543,2.7595,0.0212,0.4062,0.027415,0.15878378378378377,0.05405405405405406,0.10135135135135136,0.033783783783783786,0.652027027027027,0.3404255319148936,0.00281,0.028090000000000004,2.99486,0.42588,1.83321
61,478,306,0.0271,0.0289,0.0042,0.0035,48,13,37,17,191,1.7079,0.00601,2.9936,2.9939,0.000362,0.5132,3.0067,0.0282,0.4458,0.024304,0.1568627450980392,0.042483660130718956,0.12091503267973856,0.05555555555555555,0.6241830065359477,0.2708333333333333,0.00304,0.02873,2.99476,0.42782,1.8319500000000002
62,486,296,0.0281,0.0284,0.0033,0.0034,49,13,36,6,192,1.6004,0.00597,2.9921,2.994,0.00036,0.2904,3.5393,0.0239,0.4274,0.023035,0.16554054054054054,0.04391891891891892,0.12162162162162163,0.02027027027027027,0.6486486486486487,0.2653061224489796,0.00296,0.02848,2.9945,0.42689000000000005,2.0622999999999996
63,484,296,0.0281,0.0283,0.0017,0.0032,45,6,37,10,198,1.4369,0.00594,2.9923,2.994,0.000358,0.3293,3.8093,0.0287,0.4263,0.02252,0.15202702702702703,0.02027027027027027,0.125,0.033783783783783786,0.668918918918919,0.13333333333333333,0.0027599999999999994,0.027850000000000003,2.9942900000000003,0.42546,2.35086
64,487,292,0.0206,0.0276,0.0017,0.0032,41,7,34,8,202,1.3194,0.00591,2.9936,2.994,0.000355,0.2341,4.1372,0.0237,0.4348,0.022281,0.1404109589041096,0.023972602739726026,0.11643835616438356,0.0273972602739726,0.6917808219178082,0.17073170731707318,0.00265,0.02671,2.99422,0.42564,2.65559
65,481,303,0.0208,0.0273,0.005,0.0033,49,18,28,14,194,1.3405,0.00588,2.9949,2.9941,0.000353,0.2452,3.8709,0.0203,0.4477,0.022166,0.1617161716171617,0.0594059405940594,0.0924092409240924,0.0462046204620462,0.6402640264026402,0.3673469387755102,0.00293,0.026480000000000004,2.99425,0.42767,2.91935
66,478,304,0.0418,0.0277,0.0047,0.0033,55,16,41,11,181,1.6636,0.00584,2.9951,2.9942,0.000351,0.1629,0.7997,0.0237,0.3951,0.021794,0.18092105263157895,0.05263157894736842,0.13486842105263158,0.03618421052631579,0.5953947368421053,0.2909090909090909,0.00312,0.02766,2.9942599999999997,0.42441000000000006,2.84427
67,483,302,0.0284,0.0275,0.0022,0.0032,56,7,49,4,186,1.6539,0.00581,2.9944,2.9942,0.000348,0.1385,1.047,0.0236,0.4327,0.020101,0.18543046357615894,0.023178807947019868,0.16225165562913907,0.013245033112582781,0.6158940397350994,0.125,0.00299,0.028059999999999995,2.99416,0.42681,2.7709900000000003
68,483,299,0.0225,0.0272,0.0038,0.0032,46,13,33,13,194,1.7219,0.00578,2.9938,2.9943,0.000346,0.1992,1.0381,0.0218,0.4041,0.018055,0.15384615384615385,0.043478260869565216,0.11036789297658862,0.043478260869565216,0.6488294314381271,0.2826086956521739,0.0033099999999999996,0.02742,2.9939999999999998,0.42499000000000003,2.6537800000000002
69,486,294,0.0277,0.0277,0.0024,0.0031,44,9,35,9,197,1.6429,0.00575,2.9938,2.9943,0.000344,0.2878,1.3694,0.0239,0.4325,0.015775,0.14965986394557823,0.030612244897959183,0.11904761904761904,0.030612244897959183,0.6700680272108843,0.20454545454545456,0.00332,0.027110000000000002,2.9938499999999997,0.42526,2.5377099999999997
70,481,302,0.0196,0.0273,0.0029,0.003,52,10,42,8,190,1.6198,0.00571,2.9942,2.9943,0.000342,0.3237,1.6676,0.02,0.389,0.014284,0.17218543046357615,0.033112582781456956,0.1390728476821192,0.026490066225165563,0.6291390728476821,0.19230769230769232,0.0031899999999999997,0.02647,2.99378,0.42354,2.42852
71,474,314,0.0252,0.0275,0.0064,0.0032,52,20,33,24,185,1.6409,0.00568,2.9948,2.9943,0.000339,0.2716,1.9675,0.0217,0.4322,0.01342,0.16560509554140126,0.06369426751592357,0.10509554140127389,0.07643312101910828,0.589171974522293,0.38461538461538464,0.00341,0.026279999999999998,2.9939,0.42218,2.3245999999999998
72,485,294,0.0318,0.0276,0.0033,0.0032,44,13,29,10,198,1.5647,0.00565,2.9949,2.9943,0.000337,0.4185,2.3278,0.0201,0.4252,0.013228,0.14965986394557823,0.04421768707482993,0.09863945578231292,0.034013605442176874,0.673469387755102,0.29545454545454547,0.00341,0.02665,2.99418,0.42196,2.2034499999999997
73,480,304,0.0187,0.0268,0.0039,0.0032,49,11,39,17,188,1.6216,0.00562,2.9948,2.9943,0.000335,0.3498,2.6966,0.0194,0.4252,0.013285,0.1611842105263158,0.03618421052631579,0.12828947368421054,0.05592105263157895,0.618421052631579,0.22448979591836735,0.00363,0.02571,2.99443,0.42184999999999995,2.09218
74,483,300,0.0282,0.0266,0.002,0.0032,47,6,41,10,196,1.5021,0.00558,2.9948,2.9944,0.000333,0.271,3.044,0.0124,0.3918,0.012822,0.15666666666666668,0.02,0.13666666666666666,0.03333333333333333,0.6533333333333333,0.1276595744680851,0.00366,0.02647,2.99455,0.41755,1.9828599999999998
75,483,298,0.027,0.0268,0.0032,0.0032,44,10,34,15,195,1.4409,0.00555,2.9949,2.9944,0.00033,0.2736,3.2694,0.0193,0.434,0.011864,0.1476510067114094,0.03355704697986577,0.11409395973154363,0.050335570469798654,0.6543624161073825,0.22727272727272727,0.0034800000000000005,0.027089999999999996,2.9945500000000003,0.41618000000000005,1.92271
76,485,296,0.0326,0.0269,0.0017,0.0032,42,6,36,10,202,1.4864,0.00552,2.9949,2.9944,0.000328,0.2358,3.6695,0.0238,0.4344,0.010611,0.14189189189189189,0.02027027027027027,0.12162162162162163,0.033783783783783786,0.6824324324324325,0.14285714285714285,0.00318,0.02617,2.99453,0.42010999999999993,2.20969
77,480,305,0.0302,0.0272,0.0048,0.0032,49,15,32,18,191,1.3816,0.00548,2.9949,2.9944,0.000326,0.2409,4.0613,0.0178,0.4331,0.009627,0.16065573770491803,0.04918032786885246,0.10491803278688525,0.05901639344262295,0.6262295081967213,0.30612244897959184,0.00344,0.026350000000000002,2.99458,0.42015,2.51112
78,474,311,0.0277,0.0271,0.0052,0.0034,52,16,38,21,184,1.262,0.00545,2.9945,2.9943,0.000324,0.2556,4.5215,0.0141,0.4431,0.009056,0.16720257234726688,0.05144694533762058,0.12218649517684887,0.06752411575562701,0.5916398713826366,0.3076923076923077,0.00358,0.026869999999999998,2.9946499999999996,0.42405,2.85946
79,478,307,0.034,0.0273,0.0042,0.0035,56,12,42,15,182,1.4373,0.00542,2.9943,2.9943,0.000321,0.2835,2.1538,0.0147,0.4177,0.008666,0.18241042345276873,0.03908794788273615,0.13680781758957655,0.048859934853420196,0.5928338762214984,0.21428571428571427,0.0037599999999999995,0.027499999999999997,2.9947000000000004,0.42257,2.9379
80,480,302,0.0322,0.0276,0.0052,0.0036,52,20,33,11,186,1.4877,0.00539,2.9944,2.9942,0.000319,0.1542,0.7868,0.0213,0.417,0.008376,0.17218543046357615,0.06622516556291391,0.10927152317880795,0.03642384105960265,0.6158940397350994,0.38461538461538464,0.00399,0.028759999999999997,2.99472,0.42537,2.8498200000000002
81,477,309,0.0432,0.0284,0.0057,0.0037,53,19,34,17,186,1.5433,0.00535,2.9944,2.9943,0.000317,0.1826,0.9053,0.0185,0.4318,0.008011,0.1715210355987055,0.061488673139158574,0.11003236245954692,0.05501618122977346,0.6019417475728155,0.3584905660377358,0.00392,0.030559999999999997,2.99468,0.42533000000000004,2.7436
82,480,303,0.031,0.0286,0.0041,0.0037,49,14,33,14,193,1.5513,0.00532,2.9945,2.9944,0.000315,0.2237,1.1202,0.0202,0.4345,0.007603,0.1617161716171617,0.0462046204620462,0.10891089108910891,0.0462046204620462,0.636963696369637,0.2857142857142857,0.004,0.030479999999999997,2.99464,0.42626,2.62284
83,486,296,0.0261,0.0285,0.0032,0.0038,46,12,35,9,194,1.4932,0.00529,2.9946,2.9945,0.000312,0.259,1.4334,0.0155,0.4393,0.007226,0.1554054054054054,0.04054054054054054,0.11824324324324324,0.030405405405405407,0.6554054054054054,0.2608695652173913,0.0039299999999999995,0.031219999999999998,2.99462,0.42767,2.49652
84,483,298,0.0262,0.0287,0.0042,0.0039,45,16,29,13,195,1.45,0.00526,2.9948,2.9946,0.00031,0.2845,1.8546,0.019,0.4163,0.006733,0.15100671140939598,0.053691275167785234,0.09731543624161074,0.0436241610738255,0.6543624161073825,0.35555555555555557,0.00415,0.03102,2.9946200000000003,0.43012000000000006,2.37758
85,478,305,0.0209,0.0288,0.0045,0.0039,53,15,38,13,186,1.4285,0.00522,2.9947,2.9946,0.000308,0.3949,2.1001,0.0196,0.4272,0.006129,0.1737704918032787,0.04918032786885246,0.12459016393442623,0.04262295081967213,0.6098360655737705,0.2830188679245283,0.00428,0.030410000000000003,2.9945999999999997,0.42944000000000004,2.2606499999999996
86,479,305,0.036,0.0285,0.0041,0.0039,50,12,38,17,188,1.6508,0.00519,2.9948,2.9946,0.000306,0.2518,2.3741,0.0144,0.4274,0.005783,0.16393442622950818,0.03934426229508197,0.12459016393442623,0.05573770491803279,0.6163934426229508,0.24,0.004520000000000001,0.03075,2.99459,0.42874,2.13111
87,485,298,0.0318,0.0286,0.0027,0.0039,46,10,36,9,197,1.8061,0.00516,2.9947,2.9946,0.000303,0.2452,2.7107,0.0156,0.4285,0.005327,0.15436241610738255,0.03355704697986577,0.12080536912751678,0.030201342281879196,0.6610738255033557,0.21739130434782608,0.00431,0.03091,2.9945700000000004,0.42828,1.9960499999999999
88,481,300,0.0298,0.029,0.0031,0.0038,48,9,37,14,192,1.806,0.00513,2.9947,2.9946,0.000301,0.268,2.948,0.0186,0.4528,0.004852,0.16,0.03,0.12333333333333334,0.04666666666666667,0.64,0.1875,0.0041,0.03112,2.99459,0.42925,1.8387
89,472,316,0.025,0.0289,0.0062,0.004,58,19,41,20,178,1.7153,0.00509,2.9948,2.9947,0.000299,0.2534,3.445,0.0165,0.4385,0.0045,0.18354430379746836,0.060126582278481014,0.12974683544303797,0.06329113924050633,0.5632911392405063,0.3275862068965517,0.0043,0.030220000000000004,2.99464,0.43133,1.9678200000000001
90,478,307,0.0352,0.0296,0.0052,0.0041,51,16,34,19,187,1.6338,0.00506,2.9953,2.9947,0.000296,0.2561,3.6607,0.0161,0.3854,0.004262,0.16612377850162866,0.05211726384364821,0.11074918566775244,0.06188925081433225,0.6091205211726385,0.3137254901960784,0.0043,0.030520000000000002,2.9947299999999997,0.42817,2.25521
91,481,301,0.0231,0.0295,0.0036,0.004,45,13,33,13,197,1.6198,0.00503,2.9954,2.9948,0.000294,0.2189,3.4366,0.0243,0.4175,0.004011,0.14950166112956811,0.04318936877076412,0.10963455149501661,0.04318936877076412,0.654485049833887,0.28888888888888886,0.004090000000000001,0.02851,2.9948300000000003,0.42674,2.5083399999999996
92,486,295,0.0309,0.0295,0.0027,0.004,43,9,33,13,197,1.7971,0.00499,2.9953,2.9948,0.000292,0.0993,0.9068,0.0131,0.4667,0.003861,0.14576271186440679,0.030508474576271188,0.11186440677966102,0.04406779661016949,0.6677966101694915,0.20930232558139536,0.0039499999999999995,0.028499999999999998,2.99491,0.42996,2.4869999999999997
93,481,302,0.0347,0.0303,0.0029,0.0039,51,8,41,12,190,1.8471,0.00496,2.9947,2.9948,0.00029,0.158,1.0882,0.0179,0.4415,0.003808,0.16887417218543047,0.026490066225165563,0.1357615894039735,0.039735099337748346,0.6291390728476821,0.1568627450980392,0.00392,0.029360000000000004,2.99492,0.43018,2.45248
94,482,299,0.0313,0.0304,0.0031,0.004,46,10,37,13,193,1.8835,0.00493,2.9944,2.9948,0.000287,0.1502,1.2828,0.0216,0.4448,0.003796,0.15384615384615385,0.033444816053511704,0.12374581939799331,0.043478260869565216,0.6454849498327759,0.21739130434782608,0.00381,0.02987,2.9948799999999998,0.43303,2.3952999999999998
95,475,313,0.0256,0.0304,0.0038,0.004,52,8,45,22,186,1.9719,0.0049,2.9943,2.9947,0.000285,0.1822,1.5219,0.0136,0.4119,0.003781,0.16613418530351437,0.025559105431309903,0.14376996805111822,0.07028753993610223,0.5942492012779552,0.15384615384615385,0.0037400000000000003,0.03034,2.99484,0.43150000000000005,2.3374800000000002
96,480,303,0.0208,0.0298,0.0036,0.0041,50,11,38,14,190,1.9842,0.00486,2.9942,2.9947,0.000283,0.3181,1.5645,0.0215,0.4397,0.003539,0.16501650165016502,0.036303630363036306,0.1254125412541254,0.0462046204620462,0.6270627062706271,0.22,0.0036899999999999997,0.028820000000000002,2.99478,0.43273,2.2565199999999996
97,487,293,0.027,0.0296,0.0022,0.004,44,8,34,10,197,1.9617,0.00483,2.9943,2.9947,0.000281,0.2686,1.9732,0.0188,0.4271,0.003292,0.15017064846416384,0.027303754266211604,0.11604095563139932,0.034129692832764506,0.6723549488054608,0.18181818181818182,0.00364,0.028340000000000004,2.9947399999999997,0.43259,2.18277
98,476,308,0.0311,0.0298,0.0048,0.004,49,14,35,21,189,1.9479,0.0048,2.9949,2.9947,0.000278,0.8883,2.2705,0.0203,0.3882,0.003012,0.1590909090909091,0.045454545454545456,0.11363636363636363,0.06818181818181818,0.6136363636363636,0.2857142857142857,0.0038099999999999996,0.028470000000000002,2.9947600000000003,0.42613,2.11502
99,468,322,0.033,0.0297,0.0055,0.004,63,13,51,23,172,1.881,0.00477,2.9955,2.9947,0.000276,0.4494,1.6445,0.0134,0.4349,0.002746,0.1956521739130435,0.040372670807453416,0.15838509316770186,0.07142857142857142,0.5341614906832298,0.20634920634920634,0.0037400000000000003,0.02927,2.99483,0.42577,1.9349699999999999
100,486,295,0.0256,0.0294,0.0034,0.0039,43,13,30,11,198,1.7821,0.00473,2.9956,2.9948,0.000274,0.1957,0.9604,0.0185,0.4371,0.002462,0.14576271186440679,0.04406779661016949,0.1016949152542373,0.03728813559322034,0.6711864406779661,0.3023255813953488,0.00356,0.028310000000000002,2.99486,0.43094,1.66494
101,485,294,0.0299,0.0287,0.0023,0.0038,40,9,30,11,204,1.7995,0.0047,2.9955,2.9949,0.000272,0.1953,1.3031,0.0185,0.4141,0.002395,0.1360544217687075,0.030612244897959183,0.10204081632653061,0.03741496598639456,0.6938775510204082,0.225,0.00343,0.02899,2.99487,0.4306,1.45159
102,486,297,0.0291,0.0286,0.0021,0.0037,48,7,42,8,192,1.9131,0.00467,2.9955,2.9949,0.000269,0.5,1.6178,0.0195,0.4114,0.002402,0.16161616161616163,0.02356902356902357,0.1414141414141414,0.026936026936026935,0.6464646464646465,0.14583333333333334,0.00337,0.028810000000000002,2.9948900000000003,0.42507,1.52269
103,485,297,0.0348,0.0291,0.003,0.0037,45,11,33,10,198,1.8738,0.00464,2.9953,2.9949,0.000267,0.1751,1.9554,0.0146,0.4277,0.002497,0.15151515151515152,0.037037037037037035,0.1111111111111111,0.03367003367003367,0.6666666666666666,0.24444444444444444,0.0033799999999999998,0.028820000000000002,2.9949500000000002,0.42369,1.60941
104,486,293,0.0234,0.0289,0.0026,0.0036,43,11,32,8,199,1.8552,0.0046,2.9952,2.995,0.000265,0.14,2.2728,0.0125,0.4223,0.002507,0.14675767918088736,0.03754266211604096,0.10921501706484642,0.027303754266211604,0.6791808873720137,0.2558139534883721,0.0033300000000000005,0.02803,2.99503,0.4214399999999999,1.70841
105,480,303,0.034,0.0296,0.0034,0.0035,56,11,43,9,184,1.8709,0.00457,2.9953,2.995,0.000263,0.1731,2.6434,0.0178,0.4523,0.002425,0.1848184818481848,0.036303630363036306,0.1419141914191419,0.0297029702970297,0.6072607260726073,0.19642857142857142,0.00329,0.028869999999999996,2.9951299999999996,0.42548,1.82056
106,479,305,0.0321,0.0294,0.0038,0.0035,49,9,36,20,191,1.8801,0.00454,2.9953,2.995,0.00026,0.4076,2.9307,0.0176,0.4206,0.002277,0.16065573770491803,0.029508196721311476,0.1180327868852459,0.06557377049180328,0.6262295081967213,0.1836734693877551,0.0033099999999999996,0.03,2.99524,0.42356999999999995,1.9571800000000004
107,486,293,0.0273,0.0292,0.004,0.0036,41,19,27,6,200,1.8941,0.00451,2.9949,2.995,0.000258,0.3315,3.0172,0.0289,0.4316,0.002056,0.13993174061433447,0.06484641638225255,0.09215017064846416,0.020477815699658702,0.6825938566552902,0.4634146341463415,0.00349,0.030029999999999994,2.9953,0.42401999999999995,2.06158
108,481,304,0.0294,0.0292,0.0041,0.0036,53,14,39,11,187,1.8402,0.00447,2.9948,2.995,0.000256,0.2478,2.9097,0.022,0.4337,0.001928,0.17434210526315788,0.046052631578947366,0.12828947368421054,0.03618421052631579,0.6151315789473685,0.2641509433962264,0.0034200000000000003,0.029860000000000005,2.99529,0.42857,2.1255
109,487,291,0.0338,0.0296,0.0029,0.0035,41,12,29,9,200,1.7859,0.00444,2.9953,2.995,0.000254,0.3153,2.9283,0.0168,0.4443,0.001857,0.140893470790378,0.041237113402061855,0.09965635738831616,0.030927835051546393,0.6872852233676976,0.2926829268292683,0.0031600000000000005,0.02994,2.9952699999999997,0.42950999999999995,2.25388
110,487,295,0.0243,0.0291,0.0025,0.0033,43,11,32,8,201,1.6787,0.00441,2.9955,2.9951,0.000251,0.3455,3.3387,0.0161,0.4497,0.001847,0.14576271186440679,0.03728813559322034,0.10847457627118644,0.02711864406779661,0.6813559322033899,0.2558139534883721,0.00307,0.029809999999999996,2.9952599999999996,0.43077,2.4917100000000003
111,473,313,0.0202,0.0289,0.0063,0.0035,62,20,41,16,174,1.5485,0.00437,2.9952,2.995,0.000249,0.3693,3.6923,0.0161,0.4425,0.001793,0.19808306709265175,0.06389776357827476,0.13099041533546327,0.051118210862619806,0.5559105431309904,0.3225806451612903,0.00347,0.028839999999999998,2.99523,0.43361,2.73063
112,487,294,0.0273,0.0287,0.0023,0.0034,37,10,28,11,208,1.4315,0.00434,2.9946,2.995,0.000247,0.3826,3.028,0.0214,0.4292,0.001737,0.12585034013605442,0.034013605442176874,0.09523809523809523,0.03741496598639456,0.7074829931972789,0.2702702702702703,0.00349,0.028659999999999998,2.99514,0.43538999999999994,2.87165
113,484,298,0.0246,0.0282,0.0023,0.0034,45,7,38,12,196,1.4366,0.00431,2.9939,2.995,0.000244,0.1956,0.898,0.0181,0.4345,0.001702,0.15100671140939598,0.02348993288590604,0.12751677852348994,0.040268456375838924,0.6577181208053692,0.15555555555555556,0.0034200000000000003,0.027639999999999998,2.995,0.43607000000000007,2.76591
114,483,299,0.0271,0.028,0.0036,0.0034,46,14,31,12,196,1.3342,0.00428,2.9939,2.9949,0.000242,0.2041,0.9557,0.0163,0.426,0.001687,0.15384615384615385,0.046822742474916385,0.10367892976588629,0.04013377926421405,0.6555183946488294,0.30434782608695654,0.00352,0.02801,2.9948699999999997,0.43644,2.6342
115,480,302,0.0283,0.0281,0.0031,0.0034,52,8,43,14,185,1.4602,0.00424,2.9944,2.9949,0.00024,0.5878,1.2047,0.0152,0.4327,0.001669,0.17218543046357615,0.026490066225165563,0.1423841059602649,0.046357615894039736,0.6125827814569537,0.15384615384615385,0.00349,0.02744,2.99478,0.43448000000000003,2.49033
116,484,298,0.0264,0.0284,0.0025,0.0033,39,8,32,16,203,1.4088,0.00421,2.9948,2.995,0.000238,0.2748,1.5117,0.0197,0.4253,0.001604,0.13087248322147652,0.026845637583892617,0.10738255033557047,0.053691275167785234,0.6812080536912751,0.20512820512820512,0.0033599999999999997,0.026869999999999998,2.99473,0.43495,2.3484299999999996
117,488,290,0.0307,0.0286,0.0018,0.0033,37,8,29,10,206,1.2452,0.00418,2.995,2.995,0.000235,0.2228,1.9439,0.022,0.4161,0.001555,0.12758620689655173,0.027586206896551724,0.1,0.034482758620689655,0.7103448275862069,0.21621621621621623,0.0031399999999999996,0.02721,2.99474,0.43339999999999995,2.2411
118,480,305,0.0269,0.0284,0.004,0.0033,53,13,40,12,187,1.3426,0.00415,2.9952,2.995,0.000233,0.217,2.2531,0.016,0.4383,0.001532,0.1737704918032787,0.04262295081967213,0.13114754098360656,0.03934426229508197,0.6131147540983607,0.24528301886792453,0.00313,0.02696,2.99478,0.43385999999999997,2.17544
119,479,305,0.0209,0.0278,0.0032,0.0032,46,8,37,19,195,1.38,0.00411,2.9953,2.995,0.000231,0.232,2.4888,0.0143,0.4305,0.001527,0.15081967213114755,0.02622950819672131,0.12131147540983607,0.06229508196721312,0.639344262295082,0.17391304347826086,0.0031600000000000005,0.02567,2.99478,0.43248,2.13149
120,481,303,0.0306,0.0281,0.0032,0.0032,45,8,38,19,193,1.4317,0.00408,2.9955,2.995,0.000229,0.2094,2.6843,0.0134,0.4424,0.001513,0.1485148514851485,0.026402640264026403,0.1254125412541254,0.0627062706270627,0.636963696369637,0.17777777777777778,0.0032300000000000002,0.0263,2.99478,0.43174999999999997,2.0660499999999997
121,481,304,0.03,0.0281,0.0042,0.0033,56,16,40,6,186,1.6654,0.00405,2.9954,2.995,0.000226,0.2563,2.5308,0.0111,0.4392,0.001435,0.18421052631578946,0.05263157894736842,0.13157894736842105,0.019736842105263157,0.6118421052631579,0.2857142857142857,0.00302,0.02728,2.9948,0.43142,1.9499
122,476,307,0.0243,0.0278,0.0039,0.0034,52,10,42,18,185,1.8484,0.00402,2.9952,2.995,0.000224,0.3363,2.5733,0.0151,0.4468,0.001359,0.16938110749185667,0.03257328990228013,0.13680781758957655,0.05863192182410423,0.6026058631921825,0.19230769230769232,0.00318,0.026979999999999997,2.99486,0.43318,1.90443
123,487,292,0.0424,0.0282,0.0016,0.0033,46,7,36,6,197,1.8664,0.00398,2.9949,2.995,0.000222,0.3221,2.8627,0.0175,0.4292,0.001356,0.15753424657534246,0.023972602739726026,0.1232876712328767,0.02054794520547945,0.6746575342465754,0.15217391304347827,0.00311,0.028759999999999997,2.99496,0.43265000000000003,2.1009
124,482,299,0.0259,0.0283,0.0043,0.0034,48,16,31,12,192,1.7428,0.00395,2.9948,2.995,0.00022,0.3685,3.0148,0.022,0.4419,0.001365,0.1605351170568562,0.05351170568561873,0.10367892976588629,0.04013377926421405,0.6421404682274248,0.3333333333333333,0.0031799999999999997,0.02864,2.99505,0.43423999999999996,2.30681
125,481,304,0.0216,0.0277,0.0033,0.0034,52,9,43,13,187,1.6454,0.00392,2.9949,2.9949,0.000217,0.335,3.4049,0.015,0.443,0.001439,0.17105263157894737,0.029605263157894735,0.14144736842105263,0.04276315789473684,0.6151315789473685,0.17307692307692307,0.0032,0.027970000000000002,2.9951,0.43526999999999993,2.5268299999999995
126,480,304,0.0206,0.0271,0.0046,0.0034,53,16,38,11,186,1.6644,0.00388,2.9946,2.9949,0.000215,0.3047,3.7393,0.0174,0.4553,0.001433,0.17434210526315788,0.05263157894736842,0.125,0.03618421052631579,0.6118421052631579,0.3018867924528302,0.00341,0.027390000000000005,2.99508,0.43827,2.74959
127,479,305,0.0241,0.027,0.0041,0.0034,59,13,42,10,181,1.8356,0.00385,2.9941,2.9949,0.000213,0.3204,2.5682,0.015,0.4354,0.001412,0.19344262295081968,0.04262295081967213,0.1377049180327869,0.03278688524590164,0.5934426229508196,0.22033898305084745,0.00364,0.026729999999999997,2.9949900000000005,0.44020000000000004,2.81202
128,484,297,0.0267,0.0268,0.0029,0.0033,45,11,35,9,197,1.903,0.00382,2.9938,2.9948,0.000211,2.1331,1.0888,0.0164,0.4369,0.001341,0.15151515151515152,0.037037037037037035,0.11784511784511785,0.030303030303030304,0.6632996632996633,0.24444444444444444,0.0035299999999999997,0.02671,2.9948500000000005,0.44006,2.69559
129,483,299,0.0259,0.0264,0.0025,0.0033,45,8,37,12,197,1.8196,0.00379,2.9939,2.9947,0.000208,0.1171,1.4204,0.0162,0.4129,0.001239,0.1505016722408027,0.026755852842809364,0.12374581939799331,0.04013377926421405,0.6588628762541806,0.17777777777777778,0.00346,0.02721,2.99471,0.4383,2.58875
130,486,294,0.0314,0.0268,0.0031,0.0034,39,12,28,13,202,1.7916,0.00375,2.9946,2.9947,0.000206,0.2303,1.769,0.0178,0.4429,0.001203,0.1326530612244898,0.04081632653061224,0.09523809523809523,0.04421768707482993,0.6870748299319728,0.3076923076923077,0.0034500000000000004,0.027290000000000002,2.9946200000000003,0.43834999999999996,2.49722
131,474,312,0.0245,0.027,0.0052,0.0033,50,14,34,28,186,1.6143,0.00372,2.995,2.9947,0.000204,0.1604,2.0059,0.019,0.4515,0.001214,0.16025641025641027,0.04487179487179487,0.10897435897435898,0.08974358974358974,0.5961538461538461,0.28,0.0035499999999999998,0.026740000000000003,2.99458,0.43958,2.4447300000000003
132,479,304,0.0357,0.0274,0.0039,0.0034,51,12,39,14,188,1.5165,0.00369,2.9946,2.9947,0.000202,0.2159,2.3111,0.0196,0.4258,0.001227,0.16776315789473684,0.039473684210526314,0.12828947368421054,0.046052631578947366,0.618421052631579,0.23529411764705882,0.0035499999999999998,0.027880000000000005,2.99452,0.43748000000000004,2.4185100000000004
133,484,300,0.018,0.0271,0.0031,0.0034,45,9,35,16,195,1.339,0.00366,2.994,2.9947,0.000199,0.2745,2.6177,0.0168,0.4165,0.001235,0.15,0.03,0.11666666666666667,0.05333333333333334,0.65,0.2,0.0036999999999999997,0.02544,2.99443,0.43621,2.39401
134,480,304,0.0265,0.0271,0.0031,0.0034,55,10,44,9,186,1.4769,0.00362,2.9942,2.9947,0.000197,0.2352,2.4002,0.0159,0.4282,0.001173,0.18092105263157895,0.03289473684210526,0.14473684210526316,0.029605263157894735,0.6118421052631579,0.18181818181818182,0.00358,0.025500000000000002,2.9943700000000004,0.43484,2.33255
135,483,299,0.0332,0.0273,0.0039,0.0034,45,14,31,13,196,1.4216,0.00359,2.9947,2.9947,0.000195,0.2774,2.7269,0.0201,0.4277,0.001101,0.1505016722408027,0.046822742474916385,0.10367892976588629,0.043478260869565216,0.6555183946488294,0.3111111111111111,0.00364,0.02666,2.99435,0.43331,2.2647500000000003
136,484,295,0.0227,0.0271,0.0024,0.0034,39,8,31,14,203,1.5777,0.00356,2.9948,2.9947,0.000192,0.3958,2.8485,0.0197,0.423,0.001025,0.13220338983050847,0.02711864406779661,0.10508474576271186,0.04745762711864407,0.688135593220339,0.20512820512820512,0.0034200000000000003,0.026869999999999998,2.9943700000000004,0.43007999999999996,2.17567
137,485,298,0.0254,0.0269,0.0028,0.0035,43,9,33,15,198,1.8051,0.00353,2.9948,2.9947,0.00019,0.4912,2.9198,0.0219,0.4224,0.00096,0.14429530201342283,0.030201342281879196,0.11073825503355705,0.050335570469798654,0.6644295302013423,0.20930232558139536,0.00329,0.027000000000000003,2.99444,0.42878,2.21083
138,478,307,0.0298,0.027,0.0051,0.0035,51,17,34,16,189,1.7356,0.00349,2.9949,2.9947,0.000188,0.3665,3.3269,0.0186,0.4338,0.000945,0.16612377850162866,0.05537459283387622,0.11074918566775244,0.05211726384364821,0.6156351791530945,0.3333333333333333,0.00351,0.02731,2.9945500000000003,0.42847,2.4346400000000004
139,487,292,0.0258,0.0273,0.0035,0.0035,45,16,29,4,198,1.6637,0.00346,2.995,2.9947,0.000186,0.4574,3.5659,0.0202,0.4561,0.000971,0.1541095890410959,0.0547945205479452,0.09931506849315068,0.0136986301369863,0.678082191780822,0.35555555555555557,0.00361,0.0273,2.99466,0.43278999999999995,2.64919
140,485,295,0.0313,0.0273,0.0024,0.0035,47,8,38,10,192,1.5894,0.00343,2.995,2.9947,0.000183,0.4829,3.8332,0.0156,0.4422,0.001024,0.15932203389830507,0.02711864406779661,0.1288135593220339,0.03389830508474576,0.6508474576271186,0.1702127659574468,0.00354,0.027290000000000002,2.9947000000000004,0.43272000000000005,2.85561
141,479,306,0.0231,0.0269,0.0038,0.0035,53,12,40,12,189,1.6039,0.00339,2.995,2.9947,0.000181,1.1322,0.9222,0.0189,0.4449,0.001037,0.17320261437908496,0.0392156862745098,0.13071895424836602,0.0392156862745098,0.6176470588235294,0.22641509433962265,0.0033999999999999994,0.02715,2.9947,0.43206,2.74724
142,486,294,0.0268,0.0271,0.0021,0.0034,43,8,36,9,198,1.3712,0.00336,2.9949,2.9946,0.000179,0.183,1.2356,0.0215,0.4278,0.001049,0.14625850340136054,0.027210884353741496,0.12244897959183673,0.030612244897959183,0.673469387755102,0.18604651162790697,0.0032199999999999998,0.02626,2.99473,0.43226000000000003,2.63969
143,485,296,0.0291,0.0264,0.0021,0.0034,41,6,33,15,201,1.4503,0.00333,2.9945,2.9946,0.000177,0.192,1.5425,0.0177,0.4312,0.001028,0.13851351351351351,0.02027027027027027,0.11148648648648649,0.05067567567567568,0.6790540540540541,0.14634146341463414,0.00312,0.02737,2.99478,0.43373,2.53217
144,472,315,0.028,0.0265,0.005,0.0034,51,12,40,27,185,1.4018,0.0033,2.9939,2.9946,0.000174,0.1694,1.8903,0.0165,0.4275,0.000956,0.1619047619047619,0.0380952380952381,0.12698412698412698,0.08571428571428572,0.5873015873015873,0.23529411764705882,0.0033100000000000004,0.02752,2.99475,0.43366000000000005,2.48118
145,482,303,0.0398,0.0274,0.0029,0.0034,49,9,40,12,193,1.551,0.00326,2.9936,2.9945,0.000172,0.1632,2.1943,0.0208,0.4461,0.000956,0.1617161716171617,0.0297029702970297,0.132013201320132,0.039603960396039604,0.636963696369637,0.1836734693877551,0.00321,0.02818,2.99464,0.43550000000000005,2.4279200000000003
146,482,296,0.0324,0.028,0.0038,0.0034,47,13,31,14,191,1.6069,0.00323,2.994,2.9945,0.00017,0.1975,2.5318,0.0194,0.4312,0.001037,0.15878378378378377,0.04391891891891892,0.10472972972972973,0.0472972972972973,0.6452702702702703,0.2765957446808511,0.00335,0.02915,2.99456,0.43632,2.39625
147,480,304,0.0341,0.0285,0.004,0.0034,48,13,36,15,192,1.7087,0.0032,2.9944,2.9945,0.000168,0.1827,2.517,0.0171,0.4486,0.00111,0.15789473684210525,0.04276315789473684,0.11842105263157894,0.049342105263157895,0.631578947368421,0.2708333333333333,0.00347,0.030019999999999998,2.99452,0.43894,2.35597
148,486,295,0.03,0.0287,0.003,0.0034,42,12,30,10,201,1.7501,0.00317,2.9945,2.9945,0.000165,0.2481,2.42,0.0172,0.4396,0.00115,0.1423728813559322,0.04067796610169491,0.1016949152542373,0.03389830508474576,0.6813559322033899,0.2857142857142857,0.00326,0.03004,2.9944800000000003,0.43952,2.2652799999999997
149,488,295,0.0259,0.0287,0.0033,0.0034,48,14,33,5,195,1.5244,0.00313,2.9945,2.9945,0.000163,0.2877,2.7968,0.0167,0.4349,0.001136,0.16271186440677965,0.04745762711864407,0.11186440677966102,0.01694915254237288,0.6610169491525424,0.2916666666666667,0.00324,0.03005,2.99443,0.43739999999999996,2.18837
150,486,294,0.0303,0.0286,0.0016,0.0034,46,7,39,4,198,1.4821,0.0031,2.994,2.9945,0.000161,0.3477,2.7356,0.0165,0.4097,0.001038,0.1564625850340136,0.023809523809523808,0.1326530612244898,0.013605442176870748,0.673469387755102,0.15217391304347827,0.0031600000000000005,0.029949999999999997,2.99433,0.43415,2.07861
151,479,304,0.0272,0.0288,0.0035,0.0033,50,10,41,15,188,1.4217,0.00307,2.9937,2.9945,0.000159,0.3361,3.1348,0.0201,0.4281,0.000913,0.16447368421052633,0.03289473684210526,0.13486842105263158,0.049342105263157895,0.618421052631579,0.2,0.00313,0.030359999999999998,2.9942,0.43247,2.29987
152,481,303,0.0172,0.0278,0.0034,0.0032,47,10,36,16,194,1.4457,0.00304,2.9941,2.9944,0.000156,0.3939,3.4494,0.0211,0.4384,0.000835,0.1551155115511551,0.033003300330033,0.1188118811881188,0.052805280528052806,0.6402640264026402,0.2127659574468085,0.0032600000000000003,0.0294,2.9941199999999997,0.43353,2.52125
153,484,296,0.0287,0.0284,0.0029,0.0032,44,11,34,10,197,1.615,0.003,2.9943,2.9944,0.000154,0.3577,3.7854,0.0182,0.4608,0.000812,0.14864864864864866,0.037162162162162164,0.11486486486486487,0.033783783783783786,0.6655405405405406,0.25,0.00334,0.029359999999999997,2.9941000000000004,0.43649000000000004,2.74554
154,486,295,0.0282,0.0285,0.0032,0.0032,46,13,32,7,197,1.6104,0.00297,2.9944,2.9945,0.000152,0.4364,2.5711,0.022,0.4396,0.000838,0.15593220338983052,0.04406779661016949,0.10847457627118644,0.023728813559322035,0.6677966101694915,0.2826086956521739,0.0031600000000000005,0.02938,2.9941500000000003,0.4377,2.8136200000000002
155,476,310,0.0279,0.0282,0.0048,0.0033,56,14,43,16,181,1.5149,0.00294,2.9946,2.9944,0.000149,0.1942,0.9887,0.022,0.4331,0.000873,0.18064516129032257,0.04516129032258064,0.13870967741935483,0.05161290322580645,0.5838709677419355,0.25,0.00335,0.02819,2.99425,0.4364,2.69306
156,480,304,0.0367,0.0289,0.0035,0.0033,59,12,46,7,180,1.3152,0.0029,2.9948,2.9944,0.000147,0.1998,1.2041,0.0166,0.4158,0.000902,0.19407894736842105,0.039473684210526314,0.1513157894736842,0.023026315789473683,0.5921052631578947,0.2033898305084746,0.00332,0.02862,2.99433,0.43486,2.5602899999999997
157,483,298,0.031,0.0292,0.0027,0.0033,41,8,34,16,199,1.2757,0.00287,2.9949,2.9945,0.000145,1.4228,1.5201,0.0174,0.4211,0.000934,0.13758389261744966,0.026845637583892617,0.11409395973154363,0.053691275167785234,0.6677852348993288,0.1951219512195122,0.0031900000000000006,0.028309999999999995,2.9943800000000005,0.43211000000000005,2.4606
158,484,297,0.0307,0.0292,0.0037,0.0033,48,14,30,10,195,1.2394,0.00284,2.9951,2.9945,0.000143,0.1441,1.8001,0.0105,0.4437,0.000926,0.16161616161616163,0.04713804713804714,0.10101010101010101,0.03367003367003367,0.6565656565656566,0.2916666666666667,0.00326,0.02838,2.99444,0.43251999999999996,2.39861
159,473,314,0.0425,0.03,0.007,0.0034,63,24,41,14,172,1.42,0.00281,2.9953,2.9945,0.00014,0.1156,2.1129,0.0136,0.4198,0.000886,0.20063694267515925,0.07643312101910828,0.1305732484076433,0.044585987261146494,0.5477707006369427,0.38095238095238093,0.00363,0.03004,2.99452,0.43101,2.3302199999999997
160,487,293,0.0331,0.0301,0.0031,0.0035,45,14,31,6,197,1.552,0.00277,2.9948,2.9945,0.000138,0.0856,1.7026,0.023,0.4305,0.000845,0.15358361774744028,0.04778156996587031,0.10580204778156997,0.020477815699658702,0.6723549488054608,0.3111111111111111,0.00378,0.030319999999999996,2.9946,0.43309,2.2269200000000002
161,483,300,0.0456,0.0313,0.0029,0.0034,43,9,34,15,199,1.7946,0.00274,2.9945,2.9944,0.000136,0.0313,0.8256,0.02,0.4045,0.000846,0.14333333333333334,0.03,0.11333333333333333,0.05,0.6633333333333333,0.20930232558139536,0.00372,0.03216,2.99468,0.43073000000000006,1.9959999999999998
162,484,296,0.0331,0.0316,0.0024,0.0034,37,7,29,18,205,1.8126,0.00271,2.9944,2.9944,0.000134,0.1125,1.1686,0.0202,0.4327,0.000904,0.125,0.02364864864864865,0.09797297297297297,0.060810810810810814,0.6925675675675675,0.1891891891891892,0.0036200000000000004,0.033749999999999995,2.9947100000000004,0.43016,1.7679199999999997
163,484,299,0.0251,0.0314,0.0033,0.0035,48,12,36,10,193,1.963,0.00268,2.9945,2.9944,0.000131,0.212,1.1148,0.0162,0.4441,0.000928,0.1605351170568562,0.04013377926421405,0.12040133779264214,0.033444816053511704,0.6454849498327759,0.25,0.00366,0.033389999999999996,2.9947299999999997,0.42849000000000004,1.5008599999999999
164,482,298,0.031,0.0315,0.0044,0.0035,47,16,30,12,193,1.9438,0.00264,2.9944,2.9944,0.000129,0.4234,1.4296,0.0199,0.4626,0.000963,0.15771812080536912,0.053691275167785234,0.10067114093959731,0.040268456375838924,0.6476510067114094,0.3404255319148936,0.00378,0.03367,2.9947299999999997,0.43079,1.38671
165,488,292,0.0363,0.0314,0.0025,0.0035,44,11,34,6,197,1.9343,0.00261,2.9941,2.9945,0.000127,0.4249,1.7819,0.0185,0.4518,0.001011,0.1506849315068493,0.03767123287671233,0.11643835616438356,0.02054794520547945,0.6746575342465754,0.25,0.00355,0.03451,2.9946800000000002,0.43266,1.46603
166,476,310,0.0222,0.0308,0.0039,0.0035,53,11,42,16,188,1.8957,0.00258,2.9941,2.9945,0.000125,0.3491,2.1491,0.0199,0.4401,0.001067,0.17096774193548386,0.035483870967741936,0.13548387096774195,0.05161290322580645,0.6064516129032258,0.20754716981132076,0.0035900000000000003,0.03306,2.99461,0.43509000000000003,1.56053
167,487,295,0.0286,0.0306,0.0021,0.0034,43,7,34,11,200,1.8281,0.00255,2.9943,2.9945,0.000122,0.3607,2.4799,0.0136,0.4372,0.001032,0.14576271186440679,0.023728813559322035,0.1152542372881356,0.03728813559322034,0.6779661016949152,0.16279069767441862,0.0035299999999999997,0.03282,2.99455,0.4367,1.6565100000000001
168,475,309,0.0198,0.0301,0.0048,0.0034,60,14,44,14,177,1.7699,0.00251,2.9946,2.9945,0.00012,0.2673,2.7724,0.0185,0.4351,0.000943,0.1941747572815534,0.045307443365695796,0.1423948220064725,0.045307443365695796,0.5728155339805825,0.23333333333333334,0.00364,0.03173,2.9945,0.43583999999999995,1.75374
169,477,308,0.016,0.0296,0.0042,0.0035,50,13,40,16,189,1.6653,0.00248,2.995,2.9945,0.000118,0.265,3.1808,0.0233,0.4441,0.000861,0.16233766233766234,0.04220779220779221,0.12987012987012986,0.05194805194805195,0.6136363636363636,0.26,0.0033599999999999997,0.02908,2.99447,0.43827,1.86053
170,489,292,0.0287,0.0295,0.0031,0.0036,40,13,27,10,202,1.5604,0.00245,2.9948,2.9945,0.000116,0.4976,3.5155,0.0176,0.4433,0.000771,0.136986301369863,0.04452054794520548,0.09246575342465753,0.03424657534246575,0.6917808219178082,0.325,0.0033599999999999997,0.02864,2.99447,0.43955,2.04182
171,476,308,0.0071,0.0285,0.0046,0.0036,51,13,37,19,188,1.3677,0.00241,2.9948,2.9946,0.000113,0.2882,3.9337,0.0162,0.4389,0.000751,0.16558441558441558,0.04220779220779221,0.12012987012987013,0.06168831168831169,0.6103896103896104,0.2549019607843137,0.0035299999999999997,0.02479,2.9945,0.44299,2.3526300000000004
172,481,302,0.0196,0.0286,0.0045,0.0037,55,17,38,7,185,1.2781,0.00238,2.9948,2.9946,0.000111,0.2515,4.1833,0.0158,0.4352,0.000753,0.18211920529801323,0.056291390728476824,0.12582781456953643,0.023178807947019868,0.6125827814569537,0.3090909090909091,0.0037400000000000003,0.02344,2.9945399999999998,0.44323999999999997,2.6541
173,486,293,0.0353,0.0289,0.0027,0.0037,43,11,33,8,198,1.1571,0.00235,2.9947,2.9946,0.000109,0.2577,3.905,0.0195,0.4305,0.000772,0.14675767918088736,0.03754266211604096,0.11262798634812286,0.027303754266211604,0.6757679180887372,0.2558139534883721,0.00368,0.02446,2.9945600000000003,0.44188,2.93312
174,478,309,0.0271,0.0289,0.0039,0.0037,51,10,41,19,188,1.4431,0.00232,2.9948,2.9947,0.000107,0.1433,0.9299,0.0167,0.4076,0.000806,0.1650485436893204,0.032362459546925564,0.13268608414239483,0.061488673139158574,0.6084142394822006,0.19607843137254902,0.003629999999999999,0.02407,2.9945999999999997,0.43638000000000005,2.88315
175,474,313,0.0397,0.0295,0.0044,0.0037,58,12,46,18,179,1.6789,0.00228,2.9951,2.9947,0.000104,0.1059,0.8252,0.0163,0.4159,0.000854,0.1853035143769968,0.038338658146964855,0.14696485623003194,0.05750798722044728,0.5718849840255591,0.20689655172413793,0.0038199999999999996,0.024409999999999998,2.9947,0.43278999999999995,2.78748
176,476,308,0.0374,0.0295,0.0044,0.0037,62,13,47,11,175,1.8232,0.00225,2.9952,2.9947,0.000102,0.1814,0.808,0.0192,0.4232,0.000861,0.2012987012987013,0.04220779220779221,0.1525974025974026,0.03571428571428571,0.5681818181818182,0.20967741935483872,0.0038699999999999997,0.025929999999999998,2.99481,0.4311,2.65337
177,475,311,0.0182,0.0289,0.0055,0.0039,57,17,40,17,180,1.8522,0.00222,2.9953,2.9947,0.0001,0.2209,0.9666,0.0189,0.4201,0.000877,0.1832797427652733,0.05466237942122187,0.12861736334405144,0.05466237942122187,0.5787781350482315,0.2982456140350877,0.00421,0.02489,2.99491,0.42939,2.50204
178,488,290,0.028,0.0287,0.0037,0.0039,39,18,22,6,205,1.9531,0.00219,2.9952,2.9947,9.7e-05,0.2721,1.3823,0.0131,0.4434,0.000887,0.13448275862068965,0.06206896551724138,0.07586206896551724,0.020689655172413793,0.7068965517241379,0.46153846153846156,0.0041,0.02571,2.9949700000000004,0.43022,2.3630299999999997
179,485,296,0.0314,0.0282,0.0031,0.0037,44,12,32,10,198,1.9594,0.00215,2.9949,2.9947,9.5e-05,0.2733,1.6394,0.0141,0.4293,0.000861,0.14864864864864866,0.04054054054054054,0.10810810810810811,0.033783783783783786,0.668918918918919,0.2727272727272727,0.00399,0.027249999999999996,2.99496,0.42874,2.20889
180,477,310,0.017,0.0274,0.0049,0.0038,62,15,47,11,175,1.9615,0.00212,2.9947,2.9947,9.3e-05,0.3553,1.9231,0.0171,0.4466,0.000803,0.2,0.04838709677419355,0.15161290322580645,0.035483870967741936,0.5645161290322581,0.24193548387096775,0.00417,0.02608,2.9949500000000002,0.42907,2.04965
181,483,298,0.0282,0.0265,0.0025,0.0037,45,9,35,11,198,1.957,0.00209,2.9948,2.9947,9.1e-05,0.2277,2.3451,0.0116,0.4412,0.000751,0.15100671140939598,0.030201342281879196,0.1174496644295302,0.03691275167785235,0.6644295302013423,0.2,0.00396,0.02819,2.9949500000000002,0.4293,1.8907899999999997
182,481,304,0.0324,0.0265,0.0035,0.0038,56,11,45,9,183,1.9041,0.00206,2.9949,2.9948,8.8e-05,0.2138,2.6963,0.0166,0.4281,0.000698,0.18421052631578946,0.03618421052631579,0.14802631578947367,0.029605263157894735,0.6019736842105263,0.19642857142857142,0.0038599999999999997,0.029469999999999996,2.99496,0.42858999999999997,1.74209
183,490,286,0.0263,0.0265,0.002,0.0037,36,10,25,8,207,1.8353,0.00202,2.9952,2.9948,8.6e-05,0.8239,2.9618,0.0226,0.4385,0.00072,0.1258741258741259,0.03496503496503497,0.08741258741258741,0.027972027972027972,0.7237762237762237,0.2777777777777778,0.0037900000000000004,0.02857,2.9950099999999997,0.42939,1.64777
184,485,297,0.0249,0.0262,0.0034,0.0037,46,13,32,10,196,1.671,0.00199,2.9952,2.9948,8.4e-05,0.2483,3.4525,0.0134,0.4391,0.000791,0.15488215488215487,0.04377104377104377,0.10774410774410774,0.03367003367003367,0.6599326599326599,0.2826086956521739,0.0037400000000000003,0.028350000000000004,2.99505,0.43254000000000004,1.9000299999999999
185,483,299,0.0131,0.0251,0.002,0.0037,37,6,31,17,208,1.4973,0.00196,2.995,2.9949,8.2e-05,0.2338,3.6674,0.0211,0.4339,0.000849,0.12374581939799331,0.020066889632107024,0.10367892976588629,0.056856187290969896,0.6956521739130435,0.16216216216216217,0.0035000000000000005,0.02569,2.9950400000000004,0.43434,2.18425
186,480,304,0.0262,0.0253,0.0045,0.0037,52,14,38,15,185,1.3564,0.00192,2.9948,2.9949,7.9e-05,0.2467,4.0878,0.0137,0.4345,0.000892,0.17105263157894737,0.046052631578947366,0.125,0.049342105263157895,0.6085526315789473,0.2692307692307692,0.00351,0.02457,2.995,0.43547,2.5122299999999997
187,478,308,0.0195,0.0248,0.0029,0.0037,51,6,46,17,188,1.3197,0.00189,2.9947,2.9949,7.7e-05,0.2623,4.0981,0.0173,0.4405,0.000874,0.16558441558441558,0.01948051948051948,0.14935064935064934,0.05519480519480519,0.6103896103896104,0.11764705882352941,0.0032500000000000003,0.0247,2.99494,0.43750999999999995,2.82538
188,480,302,0.0228,0.0249,0.0036,0.0037,44,11,32,17,198,1.3802,0.00186,2.9949,2.9949,7.5e-05,0.2906,2.6225,0.019,0.4349,0.000839,0.1456953642384106,0.03642384105960265,0.10596026490066225,0.056291390728476824,0.6556291390728477,0.25,0.00324,0.02418,2.99491,0.43666,2.9494
189,481,302,0.0497,0.0266,0.0037,0.0037,54,11,43,12,182,1.5664,0.00183,2.9952,2.995,7.3e-05,0.1897,0.8539,0.0161,0.4315,0.000803,0.17880794701986755,0.03642384105960265,0.1423841059602649,0.039735099337748346,0.6026490066225165,0.2037037037037037,0.0032999999999999995,0.02601,2.99494,0.43688000000000005,2.87085
190,476,308,0.0329,0.0268,0.0045,0.0037,55,12,39,19,183,1.8031,0.00179,2.9951,2.995,7e-05,0.311,0.5591,0.0186,0.4263,0.00075,0.17857142857142858,0.03896103896103896,0.1266233766233766,0.06168831168831169,0.5941558441558441,0.21818181818181817,0.00326,0.027599999999999996,2.99498,0.43485000000000007,2.73445
191,483,300,0.0308,0.028,0.0049,0.0037,48,20,30,9,193,1.9039,0.00176,2.9947,2.995,6.8e-05,0.2427,0.859,0.0215,0.4432,0.000709,0.16,0.06666666666666667,0.1,0.03,0.6433333333333333,0.4166666666666667,0.0035000000000000005,0.027860000000000003,2.99497,0.43505000000000005,2.58584
192,481,302,0.047,0.0294,0.0029,0.0037,50,9,40,12,191,1.9792,0.00173,2.9945,2.9949,6.6e-05,0.2458,1.1394,0.0232,0.4435,0.000709,0.16556291390728478,0.029801324503311258,0.13245033112582782,0.039735099337748346,0.6324503311258278,0.18,0.00344,0.029320000000000002,2.99493,0.43659,2.4301500000000003
193,484,296,0.0406,0.0297,0.0039,0.0037,49,15,33,9,190,1.9938,0.0017,2.9948,2.995,6.4e-05,0.2343,1.3334,0.0211,0.4423,0.000751,0.16554054054054054,0.05067567567567568,0.11148648648648649,0.030405405405405407,0.6418918918918919,0.30612244897959184,0.003629999999999999,0.03075,2.99489,0.43696999999999997,2.26731
194,482,301,0.0315,0.0299,0.0035,0.0037,49,12,37,11,192,1.9418,0.00166,2.9951,2.995,6.1e-05,0.2487,1.7234,0.0217,0.4265,0.000761,0.16279069767441862,0.03986710963455149,0.12292358803986711,0.036544850498338874,0.6378737541528239,0.24489795918367346,0.00364,0.03141,2.9948799999999998,0.43571,2.0944000000000003
195,478,305,0.0265,0.0292,0.0049,0.0037,50,16,34,16,189,1.9024,0.00163,2.995,2.995,5.9e-05,0.2682,2.1116,0.0174,0.4178,0.000743,0.16393442622950818,0.05245901639344262,0.11147540983606558,0.05245901639344262,0.6196721311475409,0.32,0.00393,0.032749999999999994,2.99488,0.43410000000000004,1.9388200000000002
196,486,299,0.0315,0.0289,0.0027,0.0036,46,10,36,9,198,1.8731,0.0016,2.9947,2.9949,5.7e-05,0.2058,2.3472,0.0209,0.4438,0.000733,0.15384615384615385,0.033444816053511704,0.12040133779264214,0.030100334448160536,0.6622073578595318,0.21739130434782608,0.00375,0.03328,2.9948699999999997,0.43503,1.7647599999999997
197,488,289,0.0329,0.0297,0.0016,0.0034,42,7,34,6,200,1.8277,0.00157,2.9944,2.9949,5.5e-05,0.2589,2.7282,0.0227,0.438,0.000712,0.1453287197231834,0.02422145328719723,0.11764705882352941,0.020761245674740483,0.6920415224913494,0.16666666666666666,0.0036200000000000004,0.03462,2.99484,0.43478000000000006,1.62777
198,477,307,0.0329,0.0299,0.0047,0.0035,52,15,37,16,187,1.7858,0.00153,2.9943,2.9948,5.2e-05,0.152,1.769,0.0201,0.4475,0.000685,0.16938110749185667,0.048859934853420196,0.12052117263843648,0.05211726384364821,0.6091205211726385,0.28846153846153844,0.00373,0.03563,2.99478,0.43604000000000004,1.54242
199,488,290,0.0297,0.0298,0.0027,0.0035,41,11,29,10,199,1.7458,0.0015,2.9942,2.9948,5e-05,0.1367,1.2819,0.0126,0.4415,0.00066,0.1413793103448276,0.03793103448275862,0.1,0.034482758620689655,0.6862068965517242,0.2682926829268293,0.00363,0.03363,2.99468,0.43704,1.58522
