game,winner,controlled_win,controlled_vp,winner_vp,turns,steps,avg_reward,largest_army,played_knights,dev_cards_bought,held_dev_cards,hidden_vp_cards,longest_road_award,longest_road_length,settlements,cities,roads,build_efficiency,brick_wood_balance,truncated
0,NONE,0,5,7,141,2000,0.0007955,0,2,7,0,3,0,4,2,0,15,0.11538461538461539,1.0,1
1,WHITE,1,10,10,18,306,0.011281045751633986,1,3,4,0,0,1,5,2,2,11,0.22641509433962265,0.0,0
2,ORANGE,0,6,10,48,784,-0.00015943877551020407,0,0,0,0,0,1,6,2,1,15,0.1095890410958904,0.5,0
3,WHITE,1,10,10,64,973,0.003709146968139774,1,4,9,0,3,0,4,5,0,15,0.16363636363636364,0.5,0
4,RED,0,7,10,43,711,0.000459915611814346,0,0,0,0,0,1,9,3,1,15,0.10714285714285714,0.0,0
5,BLUE,0,5,10,52,829,0.00031001206272617617,0,0,4,1,2,0,4,3,0,13,0.08333333333333333,0.0,0
6,WHITE,1,10,10,104,1756,0.0023382687927107062,0,3,9,0,3,0,9,5,1,15,0.088,1.0,0
7,ORANGE,0,4,10,102,1578,0.0002908745247148289,0,2,5,0,2,0,4,2,0,8,0.09523809523809523,0.0,0
8,ORANGE,0,7,10,106,1600,0.001018125,0,4,9,2,1,0,5,4,1,15,0.13333333333333333,1.0,0
9,NONE,0,9,9,129,2000,0.000543,0,2,2,0,0,1,11,5,1,15,0.12222222222222222,0.0,1
10,BLUE,0,8,10,81,1292,0.001291795665634675,1,5,10,0,3,0,5,3,0,15,0.07777777777777778,0.0,0
11,WHITE,1,10,10,69,1109,0.003237150586113616,0,2,5,0,1,1,9,1,3,15,0.10784313725490197,0.0,0
12,ORANGE,0,5,10,82,1272,-9.276729559748429e-05,0,1,1,0,0,1,8,3,0,15,0.08433734939759036,0.0,0
13,ORANGE,0,3,10,54,889,-4.274465691788525e-05,0,0,2,0,1,0,2,2,0,5,0.1,1.0,0
14,BLUE,0,2,10,63,939,-8.519701810436636e-05,0,2,2,0,0,0,1,2,0,4,0.11764705882352941,0.0,0
15,RED,0,2,10,48,796,-0.00036180904522613067,0,1,1,0,0,0,2,2,0,3,0.0641025641025641,0.0,0
16,WHITE,1,10,10,92,1366,0.002898243045387994,0,3,5,0,1,1,5,1,3,10,0.19298245614035087,1.0,0
17,WHITE,1,10,10,108,1695,0.0024607669616519175,1,6,8,0,1,0,3,1,3,10,0.12643678160919541,0.0,0
18,RED,0,3,10,86,1378,-1.886792452830187e-05,0,2,5,1,1,0,7,2,0,10,0.08,1.0,0
19,ORANGE,0,3,10,35,581,-0.00010671256454388983,0,0,0,0,0,0,4,1,1,6,0.12280701754385964,0.0,0
20,RED,0,3,10,61,971,-4.737384140061792e-05,0,2,3,0,0,0,5,3,0,15,0.07954545454545454,0.5,0
21,BLUE,0,7,10,49,843,0.00014472123368920522,0,0,1,0,1,1,6,4,0,15,0.10810810810810811,0.75,0
22,ORANGE,0,8,10,64,1005,0.002336318407960199,0,5,8,0,2,0,4,0,3,8,0.24444444444444444,1.0,0
23,BLUE,0,3,10,65,1021,0.00044857982370225273,0,3,4,0,1,0,2,2,0,4,0.08695652173913043,0.0,0
24,RED,0,2,10,42,679,-0.00030633284241531663,0,2,2,0,0,0,4,2,0,9,0.09090909090909091,0.0,0
25,ORANGE,0,9,10,96,1594,0.0008506900878293601,1,5,5,0,0,0,9,1,3,15,0.0763888888888889,0.0,0
26,NONE,0,6,8,130,2000,0.0006245000000000001,0,3,6,0,2,0,6,4,0,15,0.08333333333333333,1.0,1
27,WHITE,1,10,10,68,1109,0.0029251577998196574,0,2,5,0,2,1,7,4,1,15,0.13333333333333333,0.0,0
28,BLUE,0,3,10,61,946,0.0003668076109936575,0,1,3,0,1,0,2,2,0,5,0.09836065573770492,0.0,0
29,WHITE,1,10,10,99,1575,0.0021663492063492065,0,1,3,0,1,1,7,1,3,12,0.12222222222222222,0.5,0
30,RED,0,4,10,59,986,0.0006206896551724138,0,2,5,0,2,0,2,2,0,6,0.06578947368421052,1.0,0
31,WHITE,1,10,10,68,1025,0.0030965853658536584,1,5,8,0,2,1,7,4,0,15,0.13114754098360656,1.0,0
32,BLUE,0,4,10,71,1131,-0.00019982316534040674,0,1,2,0,0,0,5,4,0,15,0.08888888888888889,0.6666666666666666,0
33,BLUE,0,5,10,119,1829,0.0003827227993439038,0,3,5,0,2,0,4,3,0,8,0.07865168539325842,0.0,0
34,RED,0,4,10,58,941,0.0003315621679064825,1,5,5,0,0,0,3,2,0,7,0.1016949152542373,0.0,0
35,NONE,0,8,8,134,2000,0.001033,1,4,8,0,1,1,7,1,1,15,0.08333333333333333,0.0,1
36,BLUE,0,2,10,43,667,-0.0005247376311844079,0,0,1,0,0,0,3,2,0,5,0.10344827586206896,0.0,0
37,RED,0,5,10,66,1064,0.001700187969924812,0,5,8,0,1,0,1,0,2,3,0.11475409836065574,0.3333333333333333,0
38,RED,0,4,10,51,788,0.0006459390862944163,0,1,4,0,2,0,4,2,0,7,0.1,0.0,0
39,ORANGE,0,4,10,65,1022,0.0008483365949119374,0,4,6,0,1,0,3,1,1,10,0.08571428571428572,0.0,0
40,RED,0,2,10,102,1604,-0.00013653366583541148,0,2,5,0,0,0,5,2,0,15,0.06976744186046512,1.0,0
41,NONE,0,8,8,132,2000,0.0013755,1,8,11,0,0,0,6,4,1,15,0.11235955056179775,0.0,1
42,BLUE,0,4,10,54,893,0.0002799552071668533,0,2,4,0,1,0,5,3,0,15,0.08333333333333333,0.5,0
43,RED,0,3,10,103,1589,-9.880427942101951e-05,0,0,1,0,1,0,5,2,0,9,0.06666666666666667,0.0,0
44,ORANGE,0,6,10,106,1631,0.0007124463519313305,1,6,8,0,1,0,4,3,0,11,0.09090909090909091,0.0,0
45,RED,0,6,10,103,1659,0.0008565400843881857,1,6,8,0,0,0,4,2,1,9,0.0963855421686747,0.0,0
46,RED,0,4,10,88,1355,0.00010405904059040589,0,2,3,0,0,1,8,2,0,10,0.07058823529411765,0.0,0
47,WHITE,1,10,10,46,736,0.006690217391304348,1,6,13,0,3,0,3,1,2,8,0.15555555555555556,1.0,0
48,ORANGE,0,3,10,61,962,1.2474012474012479e-05,0,1,2,0,0,0,2,1,1,4,0.19444444444444445,0.0,0
49,WHITE,1,10,10,44,700,0.0053014285714285715,1,3,7,0,1,1,6,1,2,9,0.22,1.0,0
50,RED,0,4,10,68,1047,0.00017574021012416427,1,3,4,1,0,0,2,2,0,6,0.08823529411764706,0.0,0
51,NONE,0,5,6,139,2000,0.0009765,0,4,7,0,2,0,4,1,1,8,0.13725490196078433,0.5,1
52,BLUE,0,2,10,41,639,-0.0007636932707355242,0,1,1,0,0,0,7,2,0,15,0.09836065573770492,0.5,0
53,ORANGE,0,3,10,48,784,-0.00026403061224489796,0,0,2,0,1,0,7,2,0,11,0.08571428571428572,0.0,0
54,BLUE,0,4,10,129,1988,-2.515090543259543e-06,0,1,3,0,2,0,4,2,0,11,0.06666666666666667,1.0,0
55,NONE,0,7,9,123,2000,0.000915,0,3,7,0,1,0,5,4,1,15,0.11235955056179775,0.3333333333333333,1
56,WHITE,1,10,10,65,1083,0.0034727608494921516,0,4,6,0,2,1,8,2,2,15,0.10416666666666667,1.0,0
57,BLUE,0,5,10,64,1012,0.0002766798418972332,0,1,1,0,0,1,6,1,1,9,0.08860759493670886,0.0,0
58,RED,0,7,10,55,844,0.0019490521327014218,1,6,10,0,2,0,3,1,1,5,0.10909090909090909,0.0,0
59,ORANGE,0,2,10,47,767,-0.0002542372881355932,0,2,2,0,0,0,3,2,0,6,0.125,0.0,0
60,BLUE,0,4,10,104,1580,0.000319620253164557,0,1,4,0,2,0,5,2,0,8,0.07692307692307693,1.0,0
61,BLUE,0,2,10,87,1323,0.00010884353741496598,0,2,4,0,0,0,4,2,0,5,0.07462686567164178,1.0,0
62,WHITE,1,11,11,92,1437,0.002499652052887961,1,5,5,0,0,1,11,3,2,15,0.12941176470588237,0.25,0
63,WHITE,1,10,10,37,587,0.0066081771720613285,1,3,8,0,2,1,5,0,2,8,0.2222222222222222,0.0,0
64,ORANGE,0,5,10,62,1038,-5.5876685934489396e-05,0,0,0,0,0,1,5,1,1,11,0.07777777777777778,0.0,0
65,WHITE,1,10,10,66,1109,0.0026167718665464383,1,4,7,0,1,1,8,5,0,15,0.10344827586206896,0.0,0
66,BLUE,0,2,10,57,890,-0.0006044943820224719,0,0,1,1,0,0,4,2,0,10,0.0759493670886076,0.0,0
67,NONE,0,3,9,133,2000,0.0005185,0,1,2,0,1,0,4,2,0,7,0.07317073170731707,0.0,1
68,BLUE,0,3,10,67,1121,0.0001248884924174844,0,2,4,0,1,0,3,2,0,8,0.06976744186046512,0.0,0
69,WHITE,1,10,10,75,1189,0.004191757779646762,1,10,15,0,2,0,5,4,1,15,0.12987012987012986,0.0,0
70,RED,0,7,10,76,1186,0.0006011804384485666,0,3,5,1,1,1,11,4,0,15,0.1038961038961039,1.0,0
71,BLUE,0,3,10,99,1488,0.0002264784946236559,0,2,3,0,1,0,1,2,0,4,0.07792207792207792,0.0,0
72,WHITE,1,10,10,22,373,0.009016085790884719,0,0,2,0,2,1,6,2,2,8,0.358974358974359,0.25,0
73,BLUE,0,4,10,90,1403,0.0003528153955808981,0,3,5,0,2,0,2,2,0,7,0.075,0.0,0
74,BLUE,0,7,10,55,933,0.0007406216505894962,0,1,3,1,0,0,9,5,1,15,0.11956521739130435,0.5,0
75,ORANGE,0,4,10,76,1138,0.00015817223198594027,0,0,3,0,2,0,2,2,0,7,0.09375,0.5,0
76,ORANGE,0,5,10,79,1325,0.00014113207547169815,0,4,6,0,1,1,8,2,0,15,0.06060606060606061,0.5,0
77,RED,0,7,10,69,1095,0.0018246575342465755,1,8,12,0,2,0,4,1,1,12,0.08108108108108109,0.0,0
78,WHITE,1,10,10,30,489,0.006337423312883435,1,4,6,0,1,1,8,5,0,12,0.1836734693877551,0.0,0
79,BLUE,0,5,10,50,848,0.0006804245283018868,0,4,5,0,0,0,6,5,0,15,0.09782608695652174,0.0,0
80,WHITE,1,11,11,117,1856,0.0020145474137931033,1,6,10,0,2,1,9,3,1,15,0.10752688172043011,0.0,0
81,RED,0,3,10,85,1333,5.251312828207053e-06,0,1,2,0,1,0,5,2,0,6,0.10526315789473684,0.0,0
82,RED,0,9,10,114,1797,0.0012949360044518642,0,6,9,0,2,0,9,3,2,15,0.1,1.0,0
83,RED,0,4,10,65,1038,0.0006897880539499037,0,3,5,0,2,0,5,2,0,8,0.09836065573770492,1.0,0
84,BLUE,0,3,10,69,1114,-0.0005727109515260324,0,0,0,0,0,0,6,3,0,15,0.09859154929577464,1.0,0
85,WHITE,1,11,11,65,1030,0.003984466019417476,1,6,11,0,3,1,9,2,1,13,0.12857142857142856,0.0,0
86,BLUE,0,6,10,117,1827,0.0007241379310344828,0,3,9,0,3,0,2,3,0,7,0.07954545454545454,1.0,0
87,ORANGE,0,5,10,94,1416,0.0011016949152542373,1,7,10,0,1,0,3,2,0,9,0.13636363636363635,0.0,0
88,WHITE,1,10,10,95,1552,0.0021179123711340207,0,3,7,0,3,1,9,5,0,15,0.09482758620689655,0.0,0
89,BLUE,0,4,10,77,1227,-3.1784841075794615e-05,0,1,2,0,1,0,6,3,0,15,0.0958904109589041,0.6666666666666666,0
90,ORANGE,0,4,10,86,1422,0.00024120956399437414,0,1,6,0,2,0,5,2,0,13,0.05660377358490566,0.0,0
91,WHITE,1,10,10,53,782,0.003364450127877238,1,3,4,0,1,1,7,5,0,15,0.13846153846153847,1.0,0
92,RED,0,4,10,58,1035,0.00026086956521739134,0,2,4,0,2,0,5,2,0,9,0.06818181818181818,0.0,0
93,RED,0,4,10,69,1138,-8.7873462214411e-06,0,3,4,0,1,0,5,3,0,15,0.07446808510638298,0.5,0
94,BLUE,0,7,10,84,1405,0.0003473309608540925,0,4,4,0,0,1,7,5,0,15,0.08256880733944955,1.0,0
95,RED,0,3,10,72,1180,0.00046610169491525426,0,4,5,0,1,0,3,2,0,8,0.08108108108108109,0.0,0
96,NONE,0,5,6,140,2000,0.0007160000000000001,1,5,6,0,1,0,5,2,0,13,0.0967741935483871,1.0,1
97,BLUE,0,4,10,60,941,0.0005441020191285866,1,5,6,0,0,0,3,2,0,5,0.07692307692307693,1.0,0
98,BLUE,0,7,10,94,1492,0.0008176943699731904,1,6,11,0,2,0,7,3,0,13,0.08333333333333333,0.0,0
99,WHITE,1,10,10,94,1397,0.0024459556191839655,1,6,9,0,1,1,8,5,0,15,0.2,1.0,0
100,RED,0,3,10,67,1134,-0.00022134038800705467,0,2,3,0,0,0,5,3,0,12,0.061224489795918366,0.0,0
101,BLUE,0,4,10,74,1117,0.0004897045658012534,0,3,6,0,1,0,5,3,0,13,0.11864406779661017,0.0,0
102,RED,0,6,10,126,1871,0.0007888829502939605,0,5,7,0,1,1,5,1,1,10,0.10144927536231885,0.0,0
103,WHITE,1,10,10,83,1406,0.002503556187766714,1,5,10,0,3,0,7,5,0,15,0.07894736842105263,1.0,0
104,WHITE,1,10,10,99,1519,0.002500987491770902,0,3,7,0,1,1,7,3,2,15,0.15492957746478872,1.0,0
105,NONE,0,8,8,130,2000,0.001343,1,5,8,0,0,0,6,2,2,15,0.09803921568627451,0.0,1
106,ORANGE,0,3,11,46,746,-0.0003310991957104557,0,0,1,0,1,0,5,2,0,15,0.08823529411764706,0.6666666666666666,0
107,BLUE,0,7,10,90,1393,0.0009038047379755923,0,3,7,0,3,0,7,4,0,15,0.08163265306122448,0.0,0
108,RED,0,3,10,38,612,0.0004509803921568628,0,1,3,0,1,0,2,2,0,4,0.04878048780487805,0.25,0
109,BLUE,0,2,10,50,840,-0.0005761904761904762,0,1,1,0,0,0,6,2,0,11,0.08571428571428572,0.0,0
110,WHITE,1,10,10,79,1246,0.002951043338683788,0,5,7,0,1,1,8,5,1,15,0.11458333333333333,1.0,0
111,ORANGE,0,7,10,69,1140,0.0018140350877192983,0,4,9,0,3,0,0,0,2,2,0.06451612903225806,0.0,0
112,BLUE,0,4,10,57,905,5.52486187845304e-05,1,4,5,0,0,0,6,2,0,13,0.08571428571428572,0.0,0
113,BLUE,0,6,10,106,1724,0.00023027842227378188,0,1,3,0,1,0,7,5,0,15,0.07627118644067797,0.0,0
114,ORANGE,0,6,10,99,1622,3.575832305795312e-05,0,1,3,0,0,1,8,4,0,15,0.08247422680412371,1.0,0
115,RED,0,8,10,108,1716,0.0010128205128205128,0,2,7,0,2,0,4,4,1,15,0.09900990099009901,0.6666666666666666,0
116,NONE,0,7,9,129,2000,0.0013215,0,5,7,0,2,0,4,1,2,9,0.12345679012345678,0.0,1
117,ORANGE,0,4,10,42,728,0.0006964285714285715,0,1,2,0,0,0,0,0,2,2,0.09375,1.0,0
118,BLUE,0,4,10,55,865,0.00029364161849710984,0,1,4,0,2,0,5,2,0,12,0.07894736842105263,0.0,0
119,BLUE,0,7,10,114,1827,0.00079584017515052,0,4,7,0,1,0,7,2,2,13,0.10638297872340426,1.0,0
120,WHITE,1,10,10,79,1225,0.0041681632653061225,1,8,15,0,3,0,4,3,1,11,0.125,0.0,0
121,BLUE,0,3,10,88,1356,-6.489675516224186e-05,0,2,4,0,1,0,7,2,0,15,0.07407407407407407,0.5,0
122,ORANGE,0,4,10,81,1286,0.0005279937791601867,0,3,8,0,2,0,7,2,0,15,0.07142857142857142,0.0,0
123,ORANGE,0,8,10,87,1371,0.0010539752005835157,0,3,5,0,2,0,6,2,2,13,0.14634146341463414,1.0,0
124,RED,0,5,10,54,886,0.0012686230248307,0,4,6,0,2,0,3,1,1,7,0.07954545454545454,0.0,0
125,BLUE,0,9,10,100,1646,0.0008547995139732685,0,5,10,0,2,1,11,5,0,15,0.08737864077669903,0.0,0
126,BLUE,0,6,10,73,1156,0.00034083044982698965,1,5,5,0,0,1,7,2,0,14,0.0759493670886076,0.0,0
127,NONE,0,4,6,138,2000,0.000927,0,3,8,0,2,0,6,2,0,15,0.1,1.0,1
128,RED,0,6,10,86,1402,0.0006868758915834522,0,3,6,0,2,0,4,2,1,14,0.08080808080808081,0.0,0
129,ORANGE,0,5,10,34,542,0.0007435424354243543,0,0,0,0,0,0,3,1,2,8,0.18,1.0,0
130,WHITE,1,10,10,51,800,0.00448375,0,2,9,1,2,1,9,4,1,15,0.2222222222222222,0.125,0
131,BLUE,0,2,10,68,1068,-0.0004897003745318353,0,0,0,0,0,0,3,2,0,8,0.08,0.0,0
132,WHITE,1,10,10,51,859,0.0040256111757857975,0,2,3,0,0,1,10,2,3,15,0.12121212121212122,0.0,0
133,ORANGE,0,7,10,114,1836,0.0005844226579520697,0,4,5,0,0,0,5,5,1,15,0.11956521739130435,0.25,0
134,ORANGE,0,3,10,78,1229,0.0002384052074857608,0,2,5,0,1,0,3,2,0,9,0.08571428571428572,0.0,0
135,BLUE,0,2,10,84,1227,-0.00019641401792991036,0,1,1,0,0,0,1,2,0,3,0.08771929824561403,0.0,0
136,WHITE,1,10,10,76,1222,0.0025024549918166938,0,3,7,0,3,1,5,5,0,15,0.0989010989010989,0.0,0
137,BLUE,0,3,10,40,619,4.3618739903069486e-05,0,1,2,0,1,0,1,2,0,4,0.13333333333333333,0.0,0
138,NONE,0,3,9,125,2000,0.0005755000000000001,0,4,6,0,1,0,7,2,0,15,0.06593406593406594,0.0,1
139,RED,0,4,10,91,1462,-0.0002441860465116279,0,1,1,0,0,0,5,4,0,15,0.0761904761904762,0.5,0
140,RED,0,4,10,94,1412,0.000839943342776204,0,4,9,0,2,0,5,2,0,12,0.07017543859649122,1.0,0
141,RED,0,5,10,75,1186,0.001072512647554806,0,3,5,0,2,0,2,1,1,8,0.1044776119402985,1.0,0
142,RED,0,4,10,78,1190,0.0007134453781512606,0,2,6,0,2,0,4,2,0,10,0.09090909090909091,0.0,0
143,ORANGE,0,2,10,72,1153,-0.0003347788378143972,0,1,2,0,0,0,7,2,0,9,0.075,0.0,0
144,RED,0,3,10,89,1336,0.00024026946107784432,0,3,5,0,1,0,2,2,0,6,0.07142857142857142,0.0,0
145,BLUE,0,4,10,80,1334,-0.0004917541229385307,0,1,1,0,0,1,8,2,0,15,0.06060606060606061,0.5,0
146,WHITE,1,11,11,69,1131,0.0029195402298850576,1,4,7,1,2,1,6,5,0,15,0.14285714285714285,1.0,0
147,ORANGE,0,4,10,92,1408,0.0006072443181818182,0,3,7,0,2,0,2,2,0,6,0.1016949152542373,0.0,0
148,ORANGE,0,7,10,77,1222,0.0016423895253682489,0,4,11,0,2,0,10,3,1,15,0.11392405063291139,0.0,0
149,BLUE,0,5,10,55,875,0.0007577142857142857,1,4,7,0,1,0,4,2,0,9,0.06451612903225806,1.0,0
150,ORANGE,0,9,10,109,1666,0.00040456182472989197,0,1,3,0,2,1,9,5,0,15,0.10465116279069768,0.5,0
151,WHITE,1,11,11,80,1264,0.0033599683544303796,1,4,7,0,0,1,9,1,3,12,0.16,0.0,0
152,BLUE,0,2,10,91,1520,-0.0003256578947368421,0,1,1,0,0,0,4,2,0,10,0.06,0.0,0
153,RED,0,6,10,66,1127,0.0012422360248447205,1,6,9,0,1,0,2,3,0,5,0.08433734939759036,0.0,0
154,RED,0,2,10,75,1104,-0.0003559782608695652,0,0,1,0,0,0,4,2,0,8,0.10909090909090909,0.0,0
155,BLUE,0,4,10,40,657,0.0011095890410958904,0,2,4,0,1,0,1,1,1,2,0.08064516129032258,0.0,0
156,BLUE,0,7,10,128,1865,0.0004450402144772118,1,5,6,0,0,0,8,3,1,15,0.12,0.5,0
157,WHITE,1,10,10,72,1104,0.002601449275362319,1,4,4,0,0,1,11,4,1,15,0.19230769230769232,1.0,0
158,WHITE,1,10,10,69,1051,0.003141769743101808,1,4,6,0,1,1,8,3,1,15,0.12,0.0,0
159,WHITE,1,10,10,75,1171,0.0029709649871904357,0,2,5,0,3,0,4,5,1,15,0.14864864864864866,0.0,0
160,ORANGE,0,8,10,44,714,0.0028487394957983194,1,5,9,0,2,0,3,0,2,7,0.12698412698412698,0.0,0
161,WHITE,1,10,10,107,1678,0.002267580452920143,1,6,9,0,2,0,6,4,1,15,0.11904761904761904,0.0,0
162,RED,0,7,10,118,1866,0.000665058949624866,1,5,6,0,1,0,1,0,2,3,0.109375,0.0,0
163,BLUE,0,6,10,72,1179,0.00017726887192536048,0,2,4,0,1,1,8,3,0,15,0.07777777777777778,0.07692307692307693,0
164,ORANGE,0,3,10,33,564,-0.0001276595744680851,0,0,1,0,1,0,2,2,0,6,0.08333333333333333,0.0,0
165,RED,0,9,10,80,1310,0.0015793893129770994,0,3,5,0,0,0,6,1,4,13,0.13829787234042554,0.0,0
166,WHITE,1,10,10,53,863,0.005382387022016223,1,6,10,0,2,0,7,0,3,11,0.11764705882352941,1.0,0
167,RED,0,2,10,67,1030,-9.708737864077678e-06,0,2,2,0,0,0,2,2,0,7,0.09090909090909091,0.0,0
168,WHITE,1,10,10,71,1063,0.0044346190028222016,1,7,11,0,3,0,4,1,2,6,0.21428571428571427,0.0,0
169,ORANGE,0,3,11,68,1126,6.216696269982237e-06,0,1,3,0,1,0,4,2,0,9,0.06382978723404255,0.0,0
170,RED,0,3,10,85,1343,0.00014743112434847355,0,3,3,0,0,0,7,3,0,15,0.07954545454545454,0.3333333333333333,0
171,WHITE,1,10,10,99,1536,0.0022454427083333332,0,2,5,0,2,1,6,2,2,15,0.1282051282051282,0.0,0
172,WHITE,1,10,10,51,800,0.00384625,0,1,2,0,1,1,9,3,2,15,0.19117647058823528,0.0,0
173,WHITE,1,10,10,50,810,0.003622222222222222,0,1,3,0,2,1,7,4,1,15,0.13333333333333333,1.0,0
174,WHITE,1,10,10,52,823,0.0046269744835965975,1,4,8,0,1,1,7,1,2,9,0.19642857142857142,1.0,0
175,RED,0,3,10,63,972,0.0001810699588477366,0,1,3,1,0,0,4,3,0,9,0.08641975308641975,0.0,0
176,NONE,0,3,9,133,2000,0.0008410000000000001,0,5,9,0,1,0,6,2,0,12,0.0759493670886076,0.0,1
177,RED,0,8,10,91,1467,0.0008875255623721882,1,5,9,0,3,0,4,3,0,13,0.08139534883720931,1.0,0
178,BLUE,0,3,10,70,1130,0.0005814159292035398,0,4,7,0,1,0,4,2,0,8,0.07692307692307693,1.0,0
179,BLUE,0,3,10,36,580,0.0001741379310344828,0,1,1,0,0,0,3,1,1,6,0.15217391304347827,0.0,0
180,RED,0,6,10,58,942,0.0006942675159235669,0,2,4,0,1,0,4,5,0,15,0.11538461538461539,1.0,0
181,BLUE,0,3,10,46,741,-8.906882591093117e-05,0,0,1,0,1,0,0,2,0,2,0.07142857142857142,0.0,0
182,BLUE,0,8,10,107,1697,0.0005869180907483795,0,4,6,0,1,1,9,5,0,15,0.08571428571428572,0.0,0
183,RED,0,6,10,111,1815,0.000603305785123967,0,1,7,0,4,0,3,2,0,7,0.061224489795918366,0.0,0
184,BLUE,0,5,10,118,1834,0.00024045801526717558,0,2,6,0,2,0,6,3,0,15,0.0875,0.0,0
185,RED,0,6,10,48,771,0.0018923476005188067,0,3,5,0,1,0,1,1,2,4,0.109375,1.0,0
186,RED,0,4,10,63,1059,-9.254013220018886e-05,0,0,1,0,0,0,7,2,1,13,0.12698412698412698,0.0,0
187,RED,0,8,10,100,1575,0.0010996825396825398,1,7,12,0,4,0,6,2,0,8,0.05747126436781609,1.0,0
188,WHITE,1,10,10,74,1187,0.002561920808761584,0,2,7,1,3,1,8,5,0,15,0.10588235294117647,0.0,0
189,BLUE,0,9,10,81,1223,0.001394930498773508,0,3,7,0,1,0,4,4,2,15,0.1643835616438356,0.5714285714285714,0
190,RED,0,2,10,58,1011,-0.00027200791295746787,0,0,2,0,0,0,4,2,0,8,0.07692307692307693,1.0,0
191,ORANGE,0,3,10,97,1443,0.00026472626472626474,0,3,4,0,1,0,3,2,0,6,0.10526315789473684,1.0,0
192,WHITE,1,10,10,99,1478,0.0033159675236806496,1,8,10,0,0,0,6,2,3,11,0.2,1.0,0
193,BLUE,0,3,10,65,995,0.0003919597989949749,0,3,5,0,1,0,5,2,0,7,0.09230769230769231,0.0,0
194,WHITE,1,10,10,100,1544,0.002577720207253886,1,5,9,0,2,0,4,2,2,10,0.11904761904761904,1.0,0
195,ORANGE,0,8,10,78,1205,0.0005991701244813278,1,3,6,0,2,1,9,2,0,13,0.06976744186046512,0.0,0
196,RED,0,3,10,60,950,0.0001631578947368421,0,1,4,0,1,0,3,2,0,7,0.06060606060606061,1.0,0
197,ORANGE,0,3,10,57,887,0.0004611048478015784,0,3,5,0,1,0,3,2,0,6,0.10909090909090909,1.0,0
198,ORANGE,0,7,10,89,1377,0.0008380537400145244,0,5,9,0,3,1,8,2,0,11,0.0449438202247191,0.0,0
199,BLUE,0,5,10,32,525,0.0005619047619047619,0,0,2,0,1,0,3,4,0,10,0.16666666666666666,0.0,0
200,WHITE,1,10,10,54,841,0.004335315101070154,1,3,6,0,2,0,4,4,1,15,0.17857142857142858,0.0,0
201,WHITE,1,10,10,79,1185,0.002831223628691983,0,3,6,0,2,1,9,4,1,15,0.15789473684210525,0.6666666666666666,0
202,ORANGE,0,6,10,80,1253,0.0007533918595371109,1,5,8,0,2,0,5,2,0,11,0.07142857142857142,1.0,0
203,WHITE,1,11,11,65,997,0.0038535606820461385,1,3,10,1,3,1,9,2,1,14,0.14035087719298245,0.0,0
204,RED,0,4,10,96,1472,0.0004429347826086957,0,3,6,0,2,0,3,2,0,5,0.09090909090909091,1.0,0
205,ORANGE,0,5,10,79,1287,0.001306915306915307,0,4,8,0,1,0,2,0,2,5,0.06976744186046512,1.0,0
206,ORANGE,0,3,10,48,775,-0.0005070967741935484,0,1,1,0,0,0,6,3,0,15,0.08641975308641975,0.5,0
207,NONE,0,6,9,129,2000,0.0006705,0,2,5,0,2,0,9,4,0,15,0.08421052631578947,1.0,1
208,ORANGE,0,2,10,64,999,-9.009009009009026e-06,0,1,3,0,0,0,1,2,0,3,0.06172839506172839,0.0,0
209,RED,0,4,11,123,1873,0.00021676454885210893,0,3,6,0,1,0,7,1,1,15,0.08139534883720931,0.0,0
210,BLUE,0,3,10,45,722,-8.033240997229917e-05,0,0,1,0,1,0,2,2,0,3,0.10204081632653061,0.0,0
211,RED,0,7,10,93,1459,0.00040986977381768337,0,1,4,0,3,0,5,4,0,15,0.11428571428571428,1.0,0
212,RED,0,4,10,124,1877,0.0006776771443793287,0,3,7,0,1,0,4,1,1,8,0.08641975308641975,0.0,0
213,WHITE,1,10,10,29,470,0.008485106382978723,1,3,3,0,0,0,3,0,4,9,0.24489795918367346,0.0,0
214,RED,0,4,10,78,1187,1.179443976411122e-05,0,0,2,0,2,0,3,2,0,5,0.125,0.0,0
215,WHITE,1,10,10,51,801,0.004247191011235955,1,4,4,0,0,1,7,0,3,15,0.1388888888888889,1.0,0
216,BLUE,0,7,10,92,1461,0.0009274469541409993,0,4,7,0,2,0,5,5,0,15,0.10344827586206896,0.25,0
217,BLUE,0,6,10,82,1301,0.0006948501152959262,0,5,7,0,1,0,5,5,0,15,0.0989010989010989,0.0,0
218,WHITE,1,11,11,97,1460,0.0027842465753424657,1,5,10,0,2,1,5,1,2,12,0.11594202898550725,0.0,0
219,RED,0,5,10,98,1521,0.001034845496383958,0,3,6,1,1,0,2,0,2,7,0.07142857142857142,0.0,0
220,BLUE,0,2,10,105,1553,2.640051513200257e-05,0,4,5,0,0,0,2,2,0,5,0.08695652173913043,0.0,0
221,WHITE,1,10,10,86,1339,0.003630321135175504,1,9,11,0,1,0,6,1,3,13,0.1232876712328767,1.0,0
222,ORANGE,0,5,10,64,1029,0.0005432458697764821,0,2,5,0,2,0,5,3,0,10,0.11475409836065574,0.0,0
223,RED,0,2,10,47,778,0.0002519280205655527,0,2,3,0,0,0,4,2,0,7,0.06741573033707865,0.0,0
224,RED,0,5,11,78,1263,0.0008202692003167064,0,3,6,0,2,0,6,1,1,13,0.08333333333333333,0.0,0
225,BLUE,0,8,10,97,1641,0.0005521023765996344,0,1,4,0,0,0,5,2,3,15,0.08823529411764706,0.2857142857142857,0
226,WHITE,1,10,10,85,1300,0.00388,1,6,11,0,1,0,5,1,3,8,0.2,0.0,0
227,ORANGE,0,4,10,40,660,0.0011424242424242425,0,3,5,0,1,0,2,1,1,7,0.1076923076923077,0.0,0
228,BLUE,0,2,10,44,697,-0.00022238163558106172,0,1,1,0,0,0,2,2,0,5,0.10714285714285714,0.0,0
229,WHITE,1,10,10,77,1300,0.0023753846153846156,0,2,4,0,2,1,8,2,2,14,0.08333333333333333,1.0,0
230,RED,0,8,10,93,1539,0.0008869395711500975,1,5,8,0,1,0,5,5,0,15,0.08411214953271028,0.0,0
231,BLUE,0,2,10,110,1669,-0.00021509886159376874,0,1,1,0,0,0,2,2,0,5,0.0759493670886076,0.0,0
232,BLUE,0,5,10,57,937,0.0006990394877267876,1,4,6,0,1,0,2,2,0,4,0.05333333333333334,0.0,0
233,NONE,0,3,7,139,2000,0.0003485,0,0,1,0,1,0,2,2,0,6,0.08955223880597014,0.0,1
234,BLUE,0,4,10,60,976,-0.0002448770491803279,0,1,1,0,0,0,9,4,0,15,0.08080808080808081,1.0,0
235,BLUE,0,4,10,103,1568,1.7219387755102053e-05,0,1,3,0,2,0,3,2,0,10,0.09090909090909091,1.0,0
236,RED,0,6,10,80,1354,0.0005428360413589366,0,4,7,0,2,0,4,4,0,15,0.08421052631578947,0.0,0
237,WHITE,1,10,10,134,1948,0.0018162217659137576,0,4,6,0,1,1,5,5,1,15,0.16923076923076924,0.0,0
238,ORANGE,0,4,10,99,1513,0.00026173165895571716,0,3,5,0,2,0,3,2,0,7,0.08823529411764706,0.0,0
239,RED,0,6,10,74,1170,0.00029401709401709406,0,3,6,0,2,1,8,2,0,12,0.0967741935483871,1.0,0
240,WHITE,1,11,11,43,683,0.004677891654465593,1,3,6,0,2,1,10,5,0,15,0.1267605633802817,0.0,0
241,WHITE,1,10,10,62,1028,0.0035593385214007785,1,6,9,0,1,1,7,1,2,12,0.15254237288135594,0.5,0
242,WHITE,1,10,10,115,1898,0.0024430979978925186,0,4,9,0,2,0,7,0,4,15,0.09090909090909091,0.5,0
243,BLUE,0,9,10,61,1009,0.0018344895936570863,0,3,5,0,1,0,5,4,2,15,0.15384615384615385,0.0,0
244,BLUE,0,4,10,90,1336,4.790419161676646e-05,0,0,2,0,1,0,6,3,0,8,0.12727272727272726,1.0,0
245,RED,0,9,10,92,1409,0.0007182398864442868,0,2,6,1,2,1,9,3,1,15,0.10344827586206896,1.0,0
246,WHITE,1,10,10,113,1781,0.001978102189781022,0,3,8,0,1,1,11,5,1,15,0.10784313725490197,1.0,0
247,ORANGE,0,6,10,77,1227,0.0007025264873675632,0,5,8,0,1,1,10,3,0,14,0.07692307692307693,0.5,0
248,RED,0,7,10,56,889,0.0020584926884139486,0,3,6,0,2,0,3,1,2,5,0.12307692307692308,1.0,0
249,BLUE,0,7,10,55,877,0.0006031927023945268,1,3,3,0,0,0,6,5,0,15,0.15789473684210525,0.5,0
250,ORANGE,0,6,10,36,589,0.001977928692699491,1,4,8,0,2,0,3,2,0,5,0.10204081632653061,0.0,0
251,BLUE,0,5,10,66,1118,0.0008103756708407871,0,3,6,0,2,0,3,3,0,7,0.109375,0.0,0
252,ORANGE,0,5,10,32,511,0.002608610567514677,0,2,4,0,1,0,1,0,2,2,0.13043478260869565,0.0,0
253,ORANGE,0,5,10,72,1094,0.0008656307129798903,0,2,3,0,0,0,2,1,2,7,0.140625,0.0,0
254,BLUE,0,3,10,102,1539,-0.00016244314489928524,0,0,1,0,1,0,7,2,0,15,0.08571428571428572,0.3333333333333333,0
255,BLUE,0,2,10,67,1070,-0.0001663551401869159,0,1,1,0,0,0,1,2,0,3,0.078125,0.0,0
256,BLUE,0,7,10,82,1318,0.0006593323216995448,0,2,6,0,2,0,5,5,0,15,0.06306306306306306,0.6666666666666666,0
257,ORANGE,0,2,11,57,893,0.00017245240761478163,0,3,4,0,0,0,5,2,0,11,0.09230769230769231,1.0,0
258,BLUE,0,2,10,43,681,-0.0005991189427312775,0,1,1,0,0,0,3,2,0,6,0.1276595744680851,1.0,0
259,RED,0,4,10,52,869,0.0005408515535097814,0,1,6,0,2,0,3,2,0,9,0.07042253521126761,0.0,0
260,RED,0,8,10,58,969,0.0018771929824561405,1,4,8,0,2,0,1,0,2,3,0.11475409836065574,1.0,0
261,RED,0,4,10,59,943,0.0009501590668080594,0,3,5,0,1,0,6,1,1,9,0.109375,0.0,0
262,BLUE,0,4,10,76,1164,0.00047594501718213063,0,1,1,0,0,0,3,0,2,8,0.10526315789473684,0.0,0
263,RED,0,5,10,50,835,0.0005473053892215569,1,4,5,0,1,0,3,2,0,6,0.07228915662650602,0.0,0
264,BLUE,0,6,10,48,740,0.0009527027027027028,1,5,7,0,2,0,3,2,0,8,0.08823529411764706,0.0,0
265,BLUE,0,3,10,80,1224,0.00028594771241830067,0,2,3,0,1,0,2,2,0,5,0.09375,1.0,0
266,BLUE,0,2,10,49,819,-9.15750915750916e-05,0,1,1,0,0,0,2,2,0,4,0.10526315789473684,0.0,0
267,RED,0,3,10,112,1744,-1.720183486238534e-06,0,1,2,0,1,0,4,2,0,8,0.1111111111111111,1.0,0
268,ORANGE,0,4,10,87,1409,0.00035699077359829665,0,3,5,1,0,0,6,4,0,15,0.08888888888888889,1.0,0
269,ORANGE,0,3,10,60,1025,6.341463414634146e-05,0,0,1,0,0,0,5,1,1,7,0.07216494845360824,0.0,0
270,WHITE,1,11,11,95,1425,0.0022996491228070176,1,5,9,0,2,1,10,5,0,15,0.17307692307692307,0.3333333333333333,0
271,WHITE,1,10,10,112,1728,0.002179398148148148,0,3,7,0,3,1,9,1,2,14,0.09473684210526316,1.0,0
272,BLUE,0,3,10,59,968,-0.00014979338842975205,0,1,2,0,1,0,4,2,0,13,0.06593406593406594,0.0,0
273,RED,0,3,10,82,1328,0.0001588855421686747,0,1,2,0,1,0,4,2,0,8,0.06521739130434782,1.0,0
274,ORANGE,0,2,10,40,667,-0.0003448275862068966,0,0,1,1,0,0,1,2,0,3,0.11627906976744186,1.0,0
275,BLUE,0,4,10,86,1404,0.00010541310541310541,0,2,4,0,1,0,4,3,0,9,0.07692307692307693,0.0,0
276,BLUE,0,7,10,106,1775,0.0006456338028169014,0,4,5,0,0,0,5,3,2,15,0.09821428571428571,0.2,0
277,BLUE,0,5,10,54,901,9.211986681465036e-05,0,2,3,0,0,0,6,5,0,15,0.13043478260869565,0.0,0
278,BLUE,0,5,10,68,1071,0.000453781512605042,0,2,3,0,0,0,5,5,0,15,0.1267605633802817,0.0,0
279,WHITE,1,10,10,89,1499,0.002935957304869913,1,7,12,0,2,0,5,4,1,15,0.09433962264150944,1.0,0
280,ORANGE,0,4,10,33,536,0.0010466417910447762,0,0,1,0,0,0,0,0,2,2,0.12244897959183673,1.0,0
281,WHITE,1,10,10,48,755,0.005748344370860927,1,4,6,0,2,0,4,0,3,7,0.18461538461538463,1.0,0
282,WHITE,1,10,10,69,1163,0.004147893379191745,1,5,10,0,1,0,3,1,3,10,0.11827956989247312,1.0,0
283,WHITE,1,10,10,48,825,0.004072727272727273,0,1,4,0,2,1,7,2,2,15,0.10989010989010989,0.0,0
284,BLUE,0,3,10,55,844,-0.00011611374407582938,0,0,1,0,1,0,3,2,0,5,0.1276595744680851,0.0,0
285,ORANGE,0,4,10,90,1403,3.349964362081256e-05,0,1,3,0,2,0,1,2,0,4,0.08695652173913043,0.0,0
286,ORANGE,0,4,11,79,1201,0.0006935886761032474,0,4,8,1,2,0,4,2,0,13,0.0967741935483871,0.0,0
287,WHITE,1,10,10,99,1636,0.002481051344743276,0,4,9,0,4,0,8,0,3,12,0.072992700729927,1.0,0
288,RED,0,2,10,71,1072,-0.0001772388059701493,0,0,1,0,0,0,3,2,0,7,0.10526315789473684,1.0,0
289,RED,0,3,10,49,815,0.00032147239263803683,0,0,3,0,1,0,2,2,0,3,0.06329113924050633,0.0,0
290,WHITE,1,10,10,66,1010,0.0028564356435643564,1,4,7,1,1,1,5,5,0,15,0.13846153846153847,1.0,0
291,BLUE,0,2,10,85,1314,-0.00015829528158295284,0,1,1,0,0,0,1,2,0,4,0.07894736842105263,1.0,0
292,WHITE,1,10,10,115,1762,0.0019460839954597048,1,5,10,1,3,1,10,3,0,12,0.09859154929577464,0.0,0
293,RED,0,3,10,113,1716,0.00044580419580419583,0,5,8,0,1,0,6,2,0,10,0.06741573033707865,1.0,0
294,ORANGE,0,3,10,63,966,0.0004730848861283644,0,3,4,0,0,0,3,1,1,8,0.11475409836065574,0.0,0
295,ORANGE,0,9,10,104,1676,0.001152147971360382,1,5,8,0,1,0,4,2,2,9,0.07936507936507936,0.0,0
296,WHITE,1,10,10,125,1940,0.002205154639175258,1,5,8,0,1,0,10,1,3,14,0.15714285714285714,1.0,0
297,WHITE,1,10,10,130,1935,0.0017834625322997416,0,3,7,0,2,1,6,4,1,15,0.17857142857142858,1.0,0
298,WHITE,1,10,10,72,1129,0.003178919397697077,0,2,5,0,3,0,4,3,2,15,0.14285714285714285,0.0,0
299,WHITE,1,10,10,55,897,0.0031594202898550727,0,2,5,0,3,1,6,5,0,15,0.09574468085106383,0.0,0
300,RED,0,3,10,37,579,-1.8998272884283224e-05,0,1,2,0,1,0,1,2,0,4,0.1276595744680851,0.0,0
301,RED,0,7,10,59,977,0.0017318321392016378,0,2,6,1,3,0,0,0,2,2,0.08571428571428572,1.0,0
302,RED,0,6,10,84,1367,0.0011302121433796636,0,5,10,0,4,0,6,2,0,13,0.06,0.0,0
303,WHITE,1,10,10,91,1481,0.0026320054017555704,0,4,8,0,0,1,9,4,2,15,0.12903225806451613,0.5,0
304,RED,0,6,10,92,1473,-0.0002464358452138493,0,0,0,0,0,1,9,4,0,15,0.08080808080808081,0.0,0
305,BLUE,0,6,10,105,1662,0.0009296028880866426,1,5,9,0,1,0,2,1,1,6,0.05263157894736842,1.0,0
306,BLUE,0,4,10,111,1680,0.00044047619047619046,0,1,4,0,1,0,4,1,1,8,0.07526881720430108,0.0,0
307,RED,0,8,10,69,1127,0.0014214729370008875,0,3,5,0,1,0,9,1,3,15,0.10588235294117647,1.0,0
308,RED,0,5,10,41,669,0.0005889387144992526,0,1,2,1,0,0,8,5,0,15,0.140625,0.3333333333333333,0
309,RED,0,2,10,60,977,-0.00028249744114636644,0,1,1,0,0,0,2,2,0,4,0.1016949152542373,0.0,0
310,NONE,0,8,8,131,2000,0.0006315,0,2,3,0,1,1,10,5,0,15,0.10975609756097561,1.0,1
311,ORANGE,0,3,10,64,964,0.00018672199170124482,0,1,3,0,1,0,4,2,0,5,0.1111111111111111,0.0,0
312,BLUE,0,4,10,62,1032,0.00047674418604651167,0,1,3,0,1,0,7,1,1,8,0.08536585365853659,0.0,0
313,RED,0,4,10,78,1232,8.847402597402596e-05,0,2,2,0,0,0,4,4,0,15,0.0963855421686747,0.5,0
314,BLUE,0,2,10,77,1259,-0.0001310563939634631,0,1,2,0,0,0,2,2,0,7,0.057692307692307696,0.0,0
315,NONE,0,6,9,122,2000,0.00026149999999999996,0,0,0,0,0,1,8,4,0,15,0.07079646017699115,0.0,1
316,WHITE,1,10,10,123,1887,0.0021324854266030735,1,5,6,0,1,0,9,1,3,15,0.12222222222222222,0.3333333333333333,0
317,RED,0,4,10,57,924,0.0005833333333333334,0,2,2,0,0,0,1,0,2,2,0.08955223880597014,1.0,0
318,RED,0,8,10,115,1822,0.0009341383095499452,1,7,11,0,3,0,8,1,1,14,0.06930693069306931,0.0,0
319,WHITE,1,10,10,42,687,0.004241630276564774,1,4,6,0,1,1,6,5,0,15,0.10975609756097561,0.0,0
320,BLUE,0,4,10,122,1917,8.868022952529996e-05,0,1,1,0,0,0,5,0,2,10,0.09302325581395349,1.0,0
321,ORANGE,0,4,10,78,1250,-0.0001768,0,4,4,0,0,1,8,2,0,15,0.0821917808219178,0.0,0
322,RED,0,8,10,71,1161,0.0008828596037898363,0,2,5,0,1,1,10,5,0,15,0.1111111111111111,0.2,0
323,BLUE,0,7,10,51,809,0.0012978986402966625,0,2,5,0,2,0,8,5,0,15,0.12162162162162163,1.0,0
324,RED,0,6,10,100,1585,0.0010447949526813881,0,4,10,0,3,0,5,1,1,9,0.056818181818181816,0.0,0
325,RED,0,3,10,72,1154,0.00024610051993067595,0,3,5,0,1,0,4,2,0,10,0.0684931506849315,0.0,0
326,BLUE,0,8,10,86,1408,0.0009019886363636364,1,6,9,0,1,0,4,5,0,15,0.10112359550561797,0.5,0
327,NONE,0,9,9,128,2000,0.001497,1,7,13,0,2,0,5,5,0,15,0.11428571428571428,0.5,1
328,ORANGE,0,3,10,39,632,-0.00018037974683544303,0,0,2,1,1,0,2,2,0,3,0.09803921568627451,0.0,0
329,NONE,0,5,9,126,2000,0.000854,0,1,7,0,2,0,5,3,0,15,0.09333333333333334,0.0,1
330,ORANGE,0,3,10,72,1153,-0.0001474414570685169,0,0,1,0,1,0,2,2,0,3,0.078125,0.0,0
331,ORANGE,0,2,10,69,1114,-0.00012118491921005386,0,2,2,0,0,0,6,2,0,15,0.0625,0.3333333333333333,0
332,RED,0,3,10,75,1198,0.00020617696160267113,0,2,3,0,1,0,3,2,0,6,0.0821917808219178,0.0,0
333,ORANGE,0,4,10,77,1218,0.0001141215106732348,1,4,4,0,0,0,5,2,0,8,0.06666666666666667,0.5,0
334,BLUE,0,2,10,54,864,-0.0002326388888888889,0,2,2,0,0,0,4,2,0,5,0.12244897959183673,1.0,0
335,RED,0,3,10,55,840,-0.00013095238095238098,0,1,1,0,0,0,4,3,0,8,0.11475409836065574,0.0,0
336,RED,0,4,10,87,1368,-3.6549707602339323e-06,0,2,3,0,0,1,6,2,0,8,0.057971014492753624,1.0,0
337,ORANGE,0,8,10,119,1863,0.0005228126677402039,0,3,6,1,1,1,9,5,0,12,0.10465116279069768,0.0,0
338,WHITE,1,10,10,44,731,0.004682626538987688,0,1,4,0,0,1,5,4,2,15,0.1791044776119403,0.3333333333333333,0
339,WHITE,1,10,10,103,1598,0.002385481852315394,0,3,9,0,2,1,10,4,1,15,0.11363636363636363,0.3333333333333333,0
340,RED,0,7,10,112,1774,0.00021364148816234495,0,2,5,0,0,1,7,5,0,15,0.0989010989010989,0.5,0
341,BLUE,0,6,10,53,862,0.0008874709976798144,0,2,4,0,1,0,4,3,1,15,0.13636363636363635,0.6666666666666666,0
342,WHITE,1,10,10,91,1502,0.002784953395472703,1,6,8,0,1,0,6,5,1,15,0.17073170731707318,0.0,0
343,BLUE,0,3,10,67,1089,0.0007162534435261708,0,4,7,0,1,0,4,2,0,6,0.09230769230769231,0.0,0
344,ORANGE,0,4,10,45,762,-0.00032939632545931757,0,1,2,0,1,0,7,3,0,15,0.07446808510638298,0.0,0
345,BLUE,0,3,10,83,1269,-0.00019227738376674546,0,0,1,0,1,0,4,2,0,10,0.08695652173913043,0.3333333333333333,0
346,ORANGE,0,3,10,40,676,0.00023668639053254438,0,2,3,0,0,0,6,3,0,13,0.07,0.0,0
347,BLUE,0,3,10,105,1673,0.000242080095636581,0,3,5,0,0,0,8,3,0,15,0.06796116504854369,0.0,0
348,ORANGE,0,4,10,106,1674,0.00011469534050179213,0,1,5,0,2,0,5,2,0,15,0.09523809523809523,0.0,0
349,BLUE,0,3,10,57,922,-7.158351409978307e-05,0,1,3,0,1,0,3,2,0,9,0.06741573033707865,0.0,0
350,NONE,0,6,7,121,2000,0.000841,0,3,8,0,1,0,7,5,0,15,0.08653846153846154,0.0,1
351,WHITE,1,10,10,40,662,0.005632930513595166,1,3,3,0,0,0,5,2,3,15,0.16216216216216217,1.0,0
352,ORANGE,0,2,10,43,686,-0.0005903790087463557,0,0,0,0,0,0,5,2,0,7,0.13333333333333333,0.0,0
353,BLUE,0,3,10,71,1184,-3.885135135135133e-05,0,1,4,0,1,0,5,2,0,15,0.09375,1.0,0
354,RED,0,4,10,60,950,-9.473684210526322e-06,1,3,3,0,0,0,4,2,0,9,0.07142857142857142,1.0,0
355,BLUE,0,6,10,114,1870,0.00029358288770053474,0,0,3,0,2,0,5,4,0,15,0.08602150537634409,0.5,0
356,WHITE,1,10,10,73,1225,0.003470204081632653,1,6,10,0,2,0,7,2,2,10,0.09375,1.0,0
357,BLUE,0,7,10,94,1486,0.001218707940780619,0,3,10,0,4,0,4,3,0,12,0.07142857142857142,0.0,0
358,WHITE,1,10,10,42,676,0.006609467455621302,0,1,6,0,3,0,4,1,3,9,0.16923076923076924,1.0,0
359,WHITE,1,10,10,79,1250,0.0033056,1,6,7,0,0,0,5,4,2,15,0.1797752808988764,0.6666666666666666,0
360,WHITE,1,10,10,76,1257,0.002315035799522673,0,2,3,0,1,1,7,5,1,15,0.171875,1.0,0
361,WHITE,1,10,10,50,837,0.004794504181600955,1,5,9,0,1,1,7,1,2,15,0.1044776119402985,1.0,0
362,RED,0,2,10,68,1141,-0.00035056967572304995,0,0,0,0,0,0,1,2,0,2,0.03636363636363636,1.0,0
363,ORANGE,0,4,10,100,1702,0.00019623971797884843,0,1,2,0,1,0,2,1,1,7,0.05555555555555555,1.0,0
364,NONE,0,3,8,127,2000,0.000639,0,2,4,0,1,0,5,2,0,8,0.06896551724137931,0.0,1
365,BLUE,0,4,10,78,1246,-0.00018619582664526486,0,2,3,0,0,1,7,2,0,8,0.06557377049180328,1.0,0
366,WHITE,1,10,10,73,1103,0.004813236627379873,1,9,17,0,4,0,5,0,2,10,0.1,1.0,0
367,ORANGE,0,4,10,93,1415,0.0003992932862190813,0,1,2,0,0,0,7,0,2,14,0.1,0.0,0
368,NONE,0,3,9,130,2000,0.000372,0,0,1,0,1,0,3,2,0,6,0.08,0.0,1
369,RED,0,2,10,48,790,-0.0005759493670886076,0,1,1,0,0,0,4,2,0,8,0.06521739130434782,0.0,0
370,WHITE,1,10,10,105,1644,0.00270985401459854,0,3,6,0,1,0,7,3,3,15,0.13,0.5,0
371,ORANGE,0,5,11,62,994,0.0004537223340040242,0,2,3,0,1,0,7,2,1,15,0.10126582278481013,0.5,0
372,RED,0,4,10,64,1082,0.0005517560073937153,0,2,3,0,0,0,4,0,2,5,0.08333333333333333,1.0,0
373,WHITE,1,10,10,78,1220,0.003021311475409836,0,1,3,0,0,1,8,2,3,15,0.14457831325301204,0.0,0
374,RED,0,5,10,46,735,-1.7687074829931936e-05,0,1,1,0,0,1,9,1,1,15,0.09210526315789473,1.0,0
375,WHITE,1,10,10,68,1104,0.0038740942028985506,1,3,8,0,2,0,2,0,3,5,0.17307692307692307,0.0,0
376,WHITE,1,10,10,57,883,0.003315968289920725,1,3,5,0,1,1,6,5,0,15,0.2,1.0,0
377,BLUE,0,4,10,66,1017,0.00029891838741396263,1,4,4,0,0,0,3,2,0,6,0.1111111111111111,0.0,0
378,BLUE,0,3,10,48,778,0.00042544987146529565,0,2,3,0,1,0,5,2,0,6,0.11538461538461539,0.0,0
379,WHITE,1,10,10,58,907,0.0034906284454244763,0,2,4,0,1,1,9,5,1,15,0.1864406779661017,0.0,0
380,WHITE,1,10,10,56,882,0.0034081632653061226,1,3,5,0,1,1,8,5,0,15,0.15789473684210525,0.5,0
381,WHITE,1,10,10,71,1116,0.004576164874551971,1,9,14,0,2,0,2,2,2,6,0.14492753623188406,0.0,0
382,WHITE,1,10,10,65,947,0.003663146779303062,1,5,6,0,0,1,8,4,1,14,0.22916666666666666,0.0,0
383,WHITE,1,10,10,60,964,0.0036950207468879667,0,3,4,0,1,1,12,3,2,15,0.2,0.6666666666666666,0
384,ORANGE,0,2,10,48,730,-4.246575342465755e-05,0,1,2,0,0,0,3,2,0,7,0.1111111111111111,0.0,0
385,RED,0,2,10,37,628,-0.0006735668789808918,0,0,0,0,0,0,3,2,0,6,0.08333333333333333,0.0,0
386,RED,0,4,10,74,1200,0.0006575,0,2,5,0,1,0,4,1,1,5,0.10294117647058823,0.0,0
387,RED,0,3,10,80,1299,-8.160123171670516e-05,0,0,2,0,1,0,3,2,0,6,0.06060606060606061,1.0,0
388,WHITE,1,10,10,49,774,0.0044379844961240315,1,6,9,0,2,1,10,4,0,15,0.14545454545454545,1.0,0
389,RED,0,6,10,38,623,0.00030818619582664527,0,2,3,0,0,1,5,4,0,15,0.13793103448275862,0.0,0
390,BLUE,0,5,10,48,779,0.000779204107830552,0,3,5,0,2,0,3,3,0,8,0.14,1.0,0
391,BLUE,0,7,10,48,766,0.001447780678851175,1,3,7,0,2,0,3,3,0,8,0.10909090909090909,0.0,0
392,BLUE,0,3,10,66,1133,0.0001977052074139453,0,2,3,0,1,0,2,2,0,7,0.05454545454545454,0.0,0
393,BLUE,0,2,10,47,728,-0.0006456043956043956,0,0,1,0,0,0,5,2,0,15,0.10344827586206896,1.0,0
394,ORANGE,0,4,10,51,821,0.0009573690621193667,0,2,5,0,0,0,5,0,2,10,0.07692307692307693,1.0,0
395,RED,0,2,10,59,1030,-1.2621359223300979e-05,0,2,3,0,0,0,5,2,0,11,0.05747126436781609,0.0,0
396,RED,0,3,10,70,1072,0.0005690298507462687,0,2,6,0,1,0,2,2,0,9,0.09230769230769231,0.0,0
397,RED,0,9,10,66,1155,0.0006666666666666666,1,6,6,0,0,1,8,5,0,15,0.07964601769911504,0.0,0
398,RED,0,5,10,72,1126,0.0004378330373001776,0,2,3,0,0,0,6,5,0,15,0.11842105263157894,1.0,0
399,RED,0,5,10,43,710,0.0006112676056338028,1,3,4,0,1,0,2,2,0,6,0.09836065573770492,1.0,0
400,WHITE,1,10,10,53,866,0.004814087759815243,0,3,4,0,1,0,6,1,4,15,0.15476190476190477,1.0,0
401,WHITE,1,10,10,65,997,0.004348044132397192,1,4,11,0,3,0,6,3,1,15,0.12857142857142856,1.0,0
402,NONE,0,9,9,126,2000,0.0019665,0,5,10,0,4,0,2,1,2,7,0.10869565217391304,0.0,1
403,BLUE,0,4,10,41,679,-0.000711340206185567,0,0,0,0,0,1,5,2,0,15,0.08955223880597014,0.0,0
404,RED,0,3,10,38,628,-0.0006098726114649681,0,0,1,0,1,0,5,2,0,15,0.08955223880597014,0.25,0
405,ORANGE,0,7,10,66,1046,0.0015630975143403442,0,2,6,0,3,0,1,0,2,3,0.13725490196078433,0.5,0
406,BLUE,0,3,10,49,784,-1.9132653061224485e-05,0,0,1,0,1,0,1,2,0,3,0.052083333333333336,1.0,0
407,BLUE,0,5,10,74,1234,-0.00017260940032414913,0,0,1,0,0,1,7,3,0,15,0.07291666666666667,0.5,0
408,RED,0,4,10,101,1538,0.0004479843953185956,0,4,6,0,1,0,5,3,0,8,0.09722222222222222,1.0,0
409,BLUE,0,4,10,124,1839,0.00027188689505165854,0,2,4,1,1,0,4,1,1,11,0.1111111111111111,0.0,0
410,BLUE,0,6,10,67,1077,0.00029526462395543175,0,1,5,2,1,0,5,5,0,15,0.11842105263157894,1.0,0
411,BLUE,0,4,10,81,1253,0.0007262569832402235,0,4,7,0,1,0,9,3,0,15,0.08433734939759036,0.3333333333333333,0
412,BLUE,0,4,10,74,1178,0.0006129032258064516,0,2,5,0,2,0,2,2,0,4,0.08695652173913043,1.0,0
413,RED,0,2,10,66,1010,-6.732673267326734e-05,0,1,2,0,0,0,4,2,0,6,0.13953488372093023,1.0,0
414,WHITE,1,10,10,117,1906,0.002368310598111228,1,7,12,0,1,0,6,3,2,15,0.11224489795918367,0.6666666666666666,0
415,BLUE,0,2,10,39,647,-0.0004080370942812983,0,1,1,0,0,0,2,2,0,7,0.12244897959183673,0.0,0
416,NONE,0,7,7,132,2000,0.0005475,0,2,2,0,0,1,10,5,0,15,0.1125,0.5,1
417,RED,0,3,10,34,543,-0.00014548802946593,0,0,0,0,0,0,4,1,1,9,0.14285714285714285,1.0,0
418,WHITE,1,10,10,51,771,0.00514526588845655,1,4,9,0,3,0,4,3,1,15,0.140625,0.5,0
419,WHITE,1,10,10,60,903,0.0040110741971207085,1,4,5,0,1,0,5,5,1,15,0.1896551724137931,0.0,0
420,ORANGE,0,6,10,80,1323,0.0011609977324263038,0,5,7,0,1,0,4,1,2,12,0.07608695652173914,0.0,0
421,RED,0,2,10,56,907,9.592061742006614e-05,0,2,4,0,0,0,2,2,0,7,0.06756756756756757,0.0,0
422,RED,0,3,10,73,1196,5.351170568561874e-05,0,1,3,0,1,0,3,2,0,9,0.06976744186046512,0.0,0
423,RED,0,3,10,61,997,3.209628886659983e-05,0,2,3,0,1,0,4,2,0,11,0.10344827586206896,1.0,0
424,RED,0,3,10,89,1423,-6.886858749121574e-05,0,1,2,0,1,0,1,2,0,4,0.0759493670886076,0.0,0
425,WHITE,1,10,10,52,855,0.003649122807017544,1,4,7,0,2,1,7,4,0,12,0.12903225806451613,0.0,0
426,NONE,0,3,7,135,2000,0.000962,0,4,8,0,1,0,4,2,0,9,0.07692307692307693,1.0,1
427,ORANGE,0,5,10,79,1250,0.00012959999999999998,0,2,2,0,0,0,5,5,0,15,0.10227272727272728,0.0,0
428,ORANGE,0,4,10,47,731,-0.0002954856361149111,0,0,2,0,0,1,8,2,0,15,0.075,0.5,0
429,ORANGE,0,4,10,67,1074,0.0010027932960893855,0,4,9,0,2,0,3,2,0,6,0.08333333333333333,0.0,0
430,ORANGE,0,3,11,56,889,-8.77390326209224e-05,0,1,2,0,0,0,4,3,0,13,0.08823529411764706,0.0,0
431,WHITE,1,10,10,115,1767,0.0021782682512733447,1,3,8,0,3,0,3,1,2,5,0.10810810810810811,0.0,0
432,ORANGE,0,8,10,115,1872,0.001111645299145299,0,2,4,0,0,0,3,0,4,9,0.11711711711711711,0.0,0
433,WHITE,1,10,10,49,783,0.004455938697318008,0,3,7,0,3,1,5,5,0,15,0.16666666666666666,1.0,0
434,WHITE,1,10,10,86,1374,0.002714701601164483,0,3,6,0,1,1,11,5,1,15,0.12087912087912088,0.0,0
435,WHITE,1,10,10,78,1184,0.00403293918918919,1,6,15,0,4,0,4,4,0,10,0.16326530612244897,0.0,0
436,RED,0,4,10,83,1310,0.0003870229007633588,0,2,5,0,2,0,3,2,0,7,0.07792207792207792,0.0,0
437,WHITE,1,10,10,47,775,0.004011612903225806,0,0,3,0,1,1,7,5,1,15,0.1527777777777778,0.0,0
438,ORANGE,0,2,10,77,1156,-8.131487889273356e-05,0,3,4,0,0,0,2,2,0,8,0.10526315789473684,0.0,0
439,ORANGE,0,6,10,84,1413,0.000786270346779901,0,2,4,0,1,0,6,1,2,11,0.08571428571428572,0.0,0
440,WHITE,1,10,10,84,1307,0.0031331293037490434,1,6,11,0,3,0,6,5,0,15,0.1323529411764706,0.0,0
441,RED,0,4,10,100,1532,0.0009327676240208877,0,5,8,0,1,0,6,1,1,13,0.07954545454545454,0.0,0
442,ORANGE,0,2,10,83,1299,-0.0003140877598152425,0,0,1,0,0,0,5,2,0,7,0.08333333333333333,0.0,0
443,WHITE,1,10,10,71,1155,0.003703896103896104,1,6,11,0,3,0,5,1,2,11,0.12857142857142856,0.0,0
444,ORANGE,0,4,10,47,757,0.000797886393659181,0,2,4,0,2,0,1,2,0,4,0.1,0.0,0
445,ORANGE,0,7,10,77,1253,0.000790901835594573,0,2,5,0,3,0,5,4,0,12,0.08888888888888889,0.5,0
446,ORANGE,0,3,10,66,1080,-7.222222222222222e-05,0,0,1,0,0,0,3,1,1,7,0.09090909090909091,0.0,0
447,RED,0,7,10,60,936,-0.00019551282051282054,0,1,1,0,0,1,8,5,0,15,0.11392405063291139,0.0,0
448,BLUE,0,6,10,116,1917,0.0006671883150756391,0,5,8,0,1,0,9,5,0,15,0.08571428571428572,0.6666666666666666,0
449,BLUE,0,2,10,72,1125,0.00013955555555555555,0,2,4,1,0,0,3,2,0,8,0.0821917808219178,0.0,0
450,RED,0,2,10,48,732,-0.00018579234972677597,0,2,2,0,0,0,2,2,0,4,0.10526315789473684,0.0,0
451,WHITE,1,10,10,106,1624,0.0028873152709359604,1,6,14,0,3,0,7,3,1,14,0.11827956989247312,0.0,0
452,BLUE,0,8,10,76,1291,0.0009349341595662277,0,4,5,0,0,1,9,4,1,15,0.08264462809917356,0.25,0
453,BLUE,0,8,10,80,1334,0.0006544227886056971,0,3,7,0,1,1,8,5,0,15,0.09473684210526316,0.0,0
454,WHITE,1,10,10,87,1432,0.002553072625698324,0,3,8,0,1,1,8,5,1,15,0.12222222222222222,0.5,0
455,BLUE,0,4,10,75,1204,0.0006054817275747508,0,4,7,0,1,0,7,3,0,12,0.10126582278481013,0.0,0
456,BLUE,0,7,10,67,1033,0.00011810261374636978,0,2,2,0,0,1,8,5,0,15,0.1111111111111111,0.5,0
457,WHITE,1,10,10,92,1478,0.002348443843031123,1,5,9,0,2,1,9,2,1,12,0.0898876404494382,1.0,0
458,WHITE,1,10,10,64,1057,0.003981078524124881,1,5,8,0,3,0,3,1,2,11,0.11392405063291139,1.0,0
459,ORANGE,0,4,10,87,1382,0.0006266280752532562,0,4,9,0,2,0,5,2,0,13,0.08108108108108109,0.0,0
460,WHITE,1,10,10,115,1864,0.002116952789699571,0,2,5,0,2,0,6,4,2,15,0.12244897959183673,1.0,0
461,RED,0,4,10,55,856,0.00041121495327102806,0,1,1,0,0,0,1,0,2,2,0.09230769230769231,0.5,0
462,WHITE,1,10,10,30,468,0.006061965811965812,1,3,3,0,0,1,6,4,1,15,0.22727272727272727,0.25,0
463,WHITE,1,10,10,48,760,0.004594736842105263,0,1,3,0,1,1,6,1,3,15,0.16923076923076924,1.0,0
464,ORANGE,0,6,10,58,965,0.0009150259067357513,0,2,6,0,1,0,5,5,0,15,0.1111111111111111,0.0,0
465,ORANGE,0,6,10,81,1319,0.0002645943896891585,1,5,6,0,0,1,8,2,0,15,0.061224489795918366,0.0,0
466,RED,0,7,11,127,1898,0.0003724973656480506,0,3,4,0,0,1,6,1,2,15,0.14285714285714285,0.0,0
467,ORANGE,0,3,10,80,1260,-0.00019523809523809525,0,1,2,0,1,0,3,2,0,8,0.1016949152542373,0.0,0
468,BLUE,0,3,10,34,554,-0.0005397111913357401,0,0,0,0,0,0,8,3,0,15,0.09090909090909091,0.0,0
469,BLUE,0,7,10,77,1268,0.000584384858044164,1,6,7,0,0,0,5,5,0,15,0.09900990099009901,0.0,0
470,ORANGE,0,5,10,64,993,0.0016173212487411884,1,6,10,0,0,0,3,1,1,8,0.1111111111111111,1.0,0
471,ORANGE,0,6,10,66,1019,0.0010814524043179588,0,2,4,0,1,0,7,1,2,10,0.11428571428571428,0.0,0
472,RED,0,2,10,49,798,-0.00029448621553884713,0,0,0,0,0,0,1,2,0,3,0.060240963855421686,1.0,0
473,RED,0,7,10,52,800,0.0014587500000000002,0,1,4,0,3,0,3,2,1,9,0.2,1.0,0
474,WHITE,1,10,10,58,889,0.005448818897637795,1,6,9,0,1,0,4,1,3,12,0.1780821917808219,0.0,0
475,WHITE,1,10,10,106,1669,0.0025158777711204315,0,4,11,0,5,0,6,5,0,15,0.10588235294117647,0.0,0
476,RED,0,7,10,64,989,0.0010788675429726999,1,3,5,0,2,0,2,1,1,5,0.1320754716981132,0.0,0
477,ORANGE,0,7,10,93,1472,0.00031453804347826087,0,1,3,0,2,0,9,5,0,15,0.1,0.0,0
478,NONE,0,9,9,123,2000,0.001433,0,3,6,0,3,0,4,0,3,8,0.11320754716981132,0.0,1
479,WHITE,1,10,10,76,1230,0.0028495934959349594,0,1,3,0,0,0,6,4,3,15,0.14285714285714285,0.0,0
480,ORANGE,0,8,10,113,1932,0.0006708074534161491,0,6,6,0,0,1,9,4,1,15,0.09523809523809523,0.0,0
481,NONE,0,4,9,130,2000,0.0005825,0,3,4,0,0,1,5,2,0,7,0.12,1.0,1
482,ORANGE,0,5,10,81,1241,0.00043674456083803387,0,0,5,0,2,0,3,3,0,9,0.0847457627118644,1.0,0
483,WHITE,1,10,10,111,1798,0.0022296996662958843,0,3,9,0,3,0,7,5,1,15,0.10679611650485436,0.0,0
484,NONE,0,7,8,123,2000,0.001371,1,6,12,0,1,0,8,4,0,15,0.06741573033707865,1.0,1
485,ORANGE,0,2,10,115,1682,-2.0214030915576705e-05,0,2,3,0,0,0,8,2,0,11,0.08,0.0,0
486,ORANGE,0,3,10,83,1283,0.00032190179267342167,0,2,2,0,0,0,3,1,1,6,0.10606060606060606,1.0,0
487,RED,0,6,10,63,1057,-7.568590350047304e-05,0,1,3,0,1,1,9,3,0,12,0.06930693069306931,0.0,0
488,ORANGE,0,2,10,69,1081,1.850138760407017e-06,0,2,2,0,0,0,3,2,0,5,0.10344827586206896,1.0,0
489,ORANGE,0,4,10,88,1416,0.0003573446327683616,1,5,6,0,0,0,5,2,0,6,0.06521739130434782,1.0,0
490,ORANGE,0,5,10,71,1116,0.000863799283154122,0,4,6,0,2,0,3,3,0,8,0.08235294117647059,0.0,0
491,BLUE,0,7,10,110,1701,0.0006313932980599647,0,4,5,0,0,0,5,5,1,15,0.13580246913580246,1.0,0
492,BLUE,0,7,10,62,975,0.0016861538461538463,1,5,8,0,1,0,4,0,2,8,0.11764705882352941,0.5,0
493,ORANGE,0,3,10,107,1738,4.142692750287686e-05,0,3,3,0,0,0,5,3,0,11,0.07777777777777778,1.0,0
494,RED,0,8,10,106,1752,0.0005656392694063928,1,5,8,0,3,0,6,3,0,12,0.06666666666666667,0.0,0
495,NONE,0,9,9,128,2000,0.0016155,1,7,10,0,1,0,2,0,3,4,0.12307692307692308,0.0,1
496,BLUE,0,8,10,81,1401,0.0015596002855103497,1,9,12,0,1,0,4,1,2,10,0.07964601769911504,1.0,0
497,ORANGE,0,4,10,73,1124,0.000661032028469751,0,2,5,0,1,0,3,1,1,6,0.1044776119402985,1.0,0
498,WHITE,1,10,10,78,1261,0.0030539254559873116,1,4,8,0,1,0,7,5,1,15,0.1134020618556701,0.0,0
499,ORANGE,0,3,10,56,840,8.333333333333336e-05,0,2,3,0,1,0,1,2,0,4,0.08571428571428572,0.0,0
500,NONE,0,4,8,131,2000,0.000673,0,3,6,0,1,0,7,3,0,10,0.07368421052631578,0.0,1
501,ORANGE,0,2,10,40,633,-0.00028436018957345974,0,1,1,0,0,0,4,2,0,7,0.09836065573770492,0.3333333333333333,0
502,WHITE,1,10,10,123,1874,0.0019711846318036285,0,4,7,0,2,1,9,4,1,15,0.10869565217391304,0.0,0
503,WHITE,1,10,10,113,1737,0.00165342544617156,0,0,1,0,1,1,11,5,1,15,0.1134020618556701,1.0,0
504,BLUE,0,6,10,64,1022,0.0012201565557729943,1,5,9,0,2,0,1,2,0,3,0.05555555555555555,0.0,0
505,WHITE,1,10,10,81,1253,0.0038754988028731046,1,7,13,0,2,0,4,2,2,7,0.09090909090909091,0.0,0
506,WHITE,1,10,10,79,1232,0.0033855519480519482,1,8,11,0,0,1,7,2,2,14,0.13924050632911392,0.0,0
507,RED,0,3,10,43,734,0.00031198910081743875,0,2,4,0,1,0,4,2,0,6,0.07792207792207792,0.0,0
508,WHITE,1,10,10,67,1017,0.0037935103244837757,0,0,5,0,4,0,4,0,3,10,0.16129032258064516,1.0,0
509,ORANGE,0,2,10,69,1067,0.0003458294283036551,0,3,6,1,0,0,4,2,0,7,0.08108108108108109,0.0,0
510,NONE,0,5,9,124,2000,0.000301,0,2,2,0,0,1,9,3,0,15,0.07,0.5,1
511,RED,0,8,10,104,1650,0.00042969696969696967,0,3,6,0,1,1,10,5,0,15,0.09523809523809523,0.0,0
512,RED,0,6,10,100,1615,0.0006798761609907121,1,5,7,0,1,0,2,1,1,7,0.08139534883720931,0.0,0
513,ORANGE,0,8,10,106,1657,0.0012226916113458057,1,6,12,0,4,0,3,2,0,8,0.05319148936170213,0.0,0
514,ORANGE,0,2,10,52,850,-0.0001447058823529412,0,1,2,0,0,0,3,2,0,7,0.08955223880597014,0.5,0
515,WHITE,1,10,10,43,686,0.004670553935860058,0,0,0,0,0,1,6,2,3,11,0.17647058823529413,1.0,0
516,ORANGE,0,6,10,57,913,7.667031763417364e-06,0,0,2,0,1,1,10,1,1,15,0.07526881720430108,0.25,0
517,ORANGE,0,4,10,109,1745,0.00022922636103151864,0,0,2,0,1,0,3,1,1,7,0.08860759493670886,0.0,0
518,BLUE,0,4,10,64,1020,0.0004696078431372549,0,2,3,0,1,0,4,1,1,12,0.07954545454545454,0.0,0
519,ORANGE,0,7,10,58,938,0.00025692963752665243,0,1,3,0,0,1,8,5,0,15,0.12,0.14285714285714285,0
520,RED,0,9,10,105,1683,0.0014741532976827094,1,6,7,0,1,0,4,0,3,5,0.13253012048192772,1.0,0
521,BLUE,0,4,10,65,1032,0.00015697674418604652,0,0,2,0,2,0,4,2,0,5,0.12244897959183673,1.0,0
522,ORANGE,0,7,10,67,1052,-0.00012167300380228139,0,1,1,0,0,1,8,5,0,15,0.12162162162162163,0.25,0
523,RED,0,3,10,65,1030,0.0004281553398058253,0,3,6,1,1,0,3,2,0,7,0.07042253521126761,0.0,0
524,RED,0,3,10,57,970,0.00018762886597938145,0,3,4,0,0,0,5,3,0,10,0.06666666666666667,0.0,0
525,WHITE,1,10,10,56,913,0.003710843373493976,1,3,8,0,1,1,11,5,0,15,0.11688311688311688,0.6666666666666666,0
526,BLUE,0,4,10,83,1239,0.00022276029055690074,0,4,5,0,0,1,5,2,0,8,0.11764705882352941,0.0,0
527,WHITE,1,10,10,70,1129,0.0034508414526129316,0,4,6,0,1,1,11,3,2,15,0.12359550561797752,1.0,0
528,NONE,0,6,8,124,2000,0.0009395,1,5,7,0,1,0,6,3,0,7,0.1,0.0,1
529,RED,0,2,10,116,1743,0.0001227768215720023,0,5,5,0,0,0,3,2,0,7,0.07792207792207792,0.0,0
530,RED,0,5,10,59,924,-0.00015800865800865801,0,1,2,0,0,1,8,3,0,15,0.16279069767441862,0.5,0
531,RED,0,4,10,100,1575,0.0006844444444444444,0,4,5,0,0,0,3,0,2,6,0.0898876404494382,0.0,0
532,WHITE,1,10,10,81,1342,0.0034083457526080476,1,8,12,0,0,0,8,4,2,15,0.14925373134328357,1.0,0
533,WHITE,1,10,10,44,703,0.005486486486486487,1,3,6,0,2,0,6,2,2,11,0.16216216216216217,0.0,0
534,RED,0,4,10,81,1246,0.000520064205457464,0,1,4,1,1,0,6,1,1,9,0.08974358974358974,1.0,0
535,WHITE,1,10,10,107,1824,0.0019040570175438596,0,5,5,0,0,1,9,4,2,15,0.09448818897637795,0.0,0
536,NONE,0,4,8,134,2000,0.0006625,0,1,3,0,2,0,3,2,0,6,0.09523809523809523,0.0,1
537,WHITE,1,10,10,82,1221,0.002326781326781327,1,4,5,0,1,1,8,3,1,14,0.18,0.0,0
538,ORANGE,0,6,10,57,961,0.0015421436004162332,1,4,7,0,0,0,5,0,2,6,0.08450704225352113,1.0,0
539,ORANGE,0,9,10,95,1605,0.000859190031152648,0,4,6,0,0,1,8,5,1,15,0.10185185185185185,1.0,0
540,ORANGE,0,3,10,62,1029,0.0004285714285714286,0,1,6,0,1,0,5,2,0,15,0.075,1.0,0
541,WHITE,1,10,10,126,1878,0.0018429179978700745,1,5,9,0,1,1,6,3,1,15,0.12,1.0,0
542,WHITE,1,11,11,60,948,0.004179324894514768,1,3,5,0,1,0,3,0,4,11,0.13043478260869565,0.5,0
543,WHITE,1,10,10,52,911,0.00488364434687157,1,8,13,0,3,0,8,5,0,15,0.08653846153846154,1.0,0
544,BLUE,0,5,10,50,749,0.0006408544726301736,1,3,4,0,1,0,2,2,0,4,0.12,0.0,0
545,BLUE,0,3,10,53,861,0.000272938443670151,0,1,3,0,1,0,4,2,0,6,0.08571428571428572,0.0,0
546,RED,0,2,10,49,824,-0.00022815533980582526,0,1,1,0,0,0,2,2,0,6,0.08695652173913043,0.0,0
547,ORANGE,0,5,10,36,587,0.0007580919931856901,0,1,3,0,2,0,2,3,0,3,0.11320754716981132,0.0,0
548,ORANGE,0,8,10,120,1958,0.0011297242083758937,1,6,11,0,2,0,3,0,2,9,0.08333333333333333,0.5,0
549,WHITE,1,10,10,38,608,0.004370065789473685,1,3,5,0,1,1,5,5,0,15,0.18518518518518517,1.0,0
550,ORANGE,0,6,10,115,1921,9.370119729307653e-05,0,0,0,0,0,0,6,2,2,15,0.08771929824561403,0.0,0
551,ORANGE,0,6,10,69,1096,0.0013056569343065695,0,4,8,0,3,0,5,1,1,13,0.1076923076923077,0.0,0
552,WHITE,1,10,10,100,1695,0.002495575221238938,1,6,9,0,0,0,8,2,3,15,0.12371134020618557,0.5,0
553,WHITE,1,10,10,125,1940,0.001836082474226804,1,5,9,0,2,0,5,2,2,15,0.08695652173913043,0.0,0
554,BLUE,0,3,10,56,870,0.0005252873563218392,0,3,5,0,1,0,2,2,0,8,0.07692307692307693,0.0,0
555,WHITE,1,11,11,59,1048,0.0034980916030534354,1,3,8,0,2,1,11,5,0,15,0.1188118811881188,0.0,0
556,ORANGE,0,4,10,47,776,-9.407216494845358e-05,0,0,1,0,1,0,5,3,0,15,0.0945945945945946,1.0,0
557,ORANGE,0,2,10,68,1032,-0.0003294573643410853,0,1,1,0,0,0,3,2,0,7,0.08955223880597014,0.0,0
558,BLUE,0,3,10,72,1195,0.00016317991631799162,0,3,3,0,0,0,4,3,0,8,0.061946902654867256,0.0,0
559,WHITE,1,10,10,104,1609,0.002875077688004972,0,4,9,0,3,0,8,3,2,15,0.1,0.0,0
560,RED,0,4,10,83,1279,0.0004222048475371384,0,3,6,0,2,0,1,2,0,5,0.09090909090909091,0.0,0
561,ORANGE,0,2,10,54,814,-0.0001240786240786241,0,1,1,0,0,0,2,2,0,5,0.13333333333333333,1.0,0
562,BLUE,0,4,10,88,1326,0.0009253393665158372,0,3,8,0,2,0,2,2,0,6,0.08333333333333333,0.0,0
563,RED,0,2,11,34,512,-0.000498046875,0,0,0,0,0,0,2,2,0,4,0.16666666666666666,1.0,0
564,WHITE,1,10,10,87,1321,0.0031483724451173353,1,6,12,0,4,0,5,2,1,15,0.11940298507462686,0.0,0
565,BLUE,0,2,10,76,1236,-0.00018203883495145634,0,1,1,0,0,0,3,2,0,7,0.06976744186046512,1.0,0
566,WHITE,1,10,10,97,1468,0.002298365122615804,0,1,5,0,3,1,5,3,1,11,0.136986301369863,0.0,0
567,RED,0,4,10,79,1246,0.00032504012841091495,0,1,2,0,1,0,5,1,1,15,0.09722222222222222,0.0,0
568,ORANGE,0,6,10,44,692,0.0012066473988439307,0,2,4,0,1,0,4,5,0,15,0.1323529411764706,0.3333333333333333,0
569,BLUE,0,4,10,74,1177,0.0010195412064570944,0,5,9,0,2,0,3,2,0,11,0.05555555555555555,0.0,0
570,WHITE,1,10,10,103,1576,0.0018908629441624365,1,6,8,0,2,1,6,4,0,15,0.11594202898550725,0.0,0
571,WHITE,1,10,10,49,847,0.003537190082644628,0,0,0,0,0,1,6,2,3,15,0.16,1.0,0
572,ORANGE,0,3,10,44,695,0.00012374100719424462,0,1,2,0,1,0,3,2,0,6,0.1111111111111111,0.0,0
573,RED,0,9,10,96,1472,0.0011297554347826087,0,4,8,0,1,1,7,2,2,15,0.11764705882352941,0.0,0
574,ORANGE,0,9,10,86,1445,0.0009508650519031143,0,2,6,0,2,1,9,1,2,15,0.08333333333333333,0.0,0
575,BLUE,0,2,10,55,880,-0.0001659090909090909,0,2,2,0,0,0,4,2,0,8,0.08695652173913043,0.0,0
576,WHITE,1,10,10,64,1023,0.003565982404692082,1,7,8,0,0,1,7,4,1,15,0.14084507042253522,1.0,0
577,RED,0,2,10,110,1748,-0.00041647597254004576,0,1,1,0,0,0,5,2,0,15,0.05825242718446602,1.0,0
578,BLUE,0,6,10,103,1654,0.0002871825876662636,0,0,2,0,2,0,4,4,0,15,0.08421052631578947,0.25,0
579,WHITE,1,10,10,60,929,0.005547900968783638,1,8,16,0,4,0,3,2,1,8,0.11475409836065574,1.0,0
580,BLUE,0,3,11,100,1522,5.2562417871222084e-05,0,1,3,0,1,0,5,2,0,15,0.06382978723404255,0.0,0
581,RED,0,7,10,119,1811,0.0009166206515737162,0,2,8,0,4,0,7,1,1,13,0.08974358974358974,0.0,0
582,BLUE,0,3,10,56,897,-0.0003667781493868451,0,0,1,0,0,0,4,3,0,12,0.08333333333333333,0.0,0
583,WHITE,1,10,10,85,1336,0.002274700598802395,1,4,6,0,1,1,8,5,0,15,0.0967741935483871,1.0,0
584,WHITE,1,10,10,86,1386,0.002515873015873016,1,5,9,0,2,1,7,2,1,15,0.0851063829787234,0.0,0
585,ORANGE,0,8,10,58,945,0.0009492063492063492,0,2,2,0,0,1,9,2,2,15,0.11904761904761904,1.0,0
586,ORANGE,0,8,10,81,1270,0.0002496062992125984,0,0,2,0,1,1,7,5,0,15,0.1267605633802817,0.0,0
587,BLUE,0,4,10,76,1200,-0.00042500000000000003,0,0,1,0,0,1,5,2,0,15,0.0821917808219178,0.0,0
588,NONE,0,3,9,131,2000,0.000673,0,3,6,0,1,0,7,2,0,10,0.08823529411764706,0.0,1
589,RED,0,5,10,89,1472,0.00021059782608695652,0,2,3,0,1,0,4,4,0,9,0.1,0.0,0
590,WHITE,1,10,10,47,753,0.004719787516600266,1,6,7,0,0,1,5,4,1,15,0.24528301886792453,0.3333333333333333,0
591,RED,0,2,10,39,637,-0.0004521193092621664,0,1,1,0,0,0,3,2,0,6,0.09090909090909091,0.0,0
592,BLUE,0,3,10,116,1906,-0.0003226652675760756,0,0,0,0,0,0,5,3,0,15,0.0625,0.0,0
593,WHITE,1,10,10,81,1236,0.0036132686084142393,1,8,10,0,1,0,7,3,2,15,0.1527777777777778,0.0,0
594,WHITE,1,10,10,30,480,0.006583333333333333,1,3,5,0,2,1,5,2,1,9,0.2,0.0,0
595,WHITE,1,10,10,51,807,0.004856257744733581,1,4,6,0,0,0,7,4,2,15,0.17647058823529413,1.0,0
596,NONE,0,9,9,125,2000,0.001185,0,2,5,0,1,0,5,4,2,15,0.11764705882352941,0.3333333333333333,1
597,ORANGE,0,4,10,117,1786,-8.230683090705489e-05,0,2,3,0,0,1,7,2,0,10,0.07692307692307693,0.0,0
598,BLUE,0,5,10,92,1367,-0.0003043160204828091,0,0,1,0,1,1,9,2,0,15,0.07317073170731707,0.5,0
599,BLUE,0,3,10,122,1859,-9.037116729424422e-05,0,1,3,0,1,0,2,2,0,4,0.09230769230769231,1.0,0
600,ORANGE,0,2,10,73,1180,-5.423728813559322e-05,0,3,3,0,0,0,6,2,0,11,0.08108108108108109,0.0,0
601,BLUE,0,7,10,58,940,0.0006755319148936171,0,1,3,0,2,0,7,1,2,11,0.08571428571428572,0.6666666666666666,0
602,NONE,0,5,9,124,2000,0.000988,1,7,7,0,0,0,4,1,1,9,0.06422018348623854,0.0,1
603,RED,0,2,10,60,1002,-0.0004241516966067864,0,1,1,0,0,0,5,2,0,13,0.07142857142857142,0.0,0
604,WHITE,1,10,10,124,1938,0.002327141382868937,1,6,11,0,3,0,7,1,2,12,0.12162162162162163,1.0,0
605,RED,0,4,10,77,1197,0.0002932330827067669,0,1,3,0,1,0,1,3,0,5,0.1044776119402985,0.0,0
606,BLUE,0,5,10,59,972,0.0007602880658436215,0,2,5,0,1,0,5,2,1,13,0.07920792079207921,0.0,0
607,BLUE,0,3,11,61,1008,-0.000496031746031746,0,0,0,0,0,0,5,3,0,15,0.06862745098039216,1.0,0
608,NONE,0,5,8,130,2000,0.0012235,0,4,8,0,2,0,7,1,1,14,0.0958904109589041,0.0,1
609,BLUE,0,3,10,106,1612,0.0003889578163771712,0,4,6,0,1,0,1,2,0,3,0.07692307692307693,1.0,0
610,BLUE,0,9,10,87,1446,0.0016784232365145229,1,6,9,0,1,0,1,0,3,3,0.11538461538461539,1.0,0
611,WHITE,1,10,10,115,1826,0.001903066812705367,1,5,8,0,1,1,9,1,2,15,0.07377049180327869,0.0,0
612,NONE,0,6,8,131,2000,0.001186,0,4,7,0,2,0,4,2,1,11,0.075,1.0,1
613,RED,0,5,10,69,1076,-0.0001366171003717472,0,0,2,0,1,1,10,2,0,14,0.08450704225352113,0.0,0
614,NONE,0,2,9,131,2000,0.000663,0,2,5,0,0,0,3,2,0,7,0.09090909090909091,1.0,1
615,WHITE,1,10,10,65,1074,0.002920856610800745,1,4,8,0,3,0,8,5,0,15,0.09782608695652174,0.0,0
616,RED,0,4,10,48,731,0.0007742818057455541,0,1,1,0,0,0,1,0,2,3,0.16279069767441862,0.5,0
617,WHITE,1,10,10,47,770,0.004290909090909091,0,2,3,0,0,1,8,4,2,15,0.17391304347826086,0.0,0
618,ORANGE,0,8,10,77,1279,0.0010101641907740422,0,3,6,0,3,0,6,5,0,15,0.10344827586206896,0.25,0
619,NONE,0,5,8,130,2000,0.0005600000000000001,0,1,4,0,2,0,5,3,0,15,0.07446808510638298,1.0,1
620,WHITE,1,10,10,34,545,0.006034862385321101,0,2,3,0,1,1,6,3,2,15,0.2708333333333333,0.0,0
621,WHITE,1,11,11,98,1517,0.0030758075148319053,1,7,9,0,0,1,5,1,3,8,0.17647058823529413,0.0,0
622,ORANGE,0,2,10,91,1485,5.723905723905722e-05,0,2,2,0,0,0,5,2,0,7,0.07407407407407407,0.0,0
623,ORANGE,0,9,10,85,1397,0.00046957766642806014,0,2,4,0,1,1,9,4,1,15,0.10416666666666667,1.0,0
624,NONE,0,5,8,122,2000,0.0010515,0,2,4,0,0,0,7,1,2,8,0.13636363636363635,0.0,1
625,ORANGE,0,5,10,45,682,0.0014560117302052785,0,1,1,0,0,0,3,1,2,4,0.14754098360655737,1.0,0
626,WHITE,1,10,10,70,1052,0.004747148288973384,1,8,13,1,3,0,3,1,2,6,0.22,0.0,0
627,WHITE,1,10,10,49,812,0.005172413793103448,0,2,4,0,1,0,4,1,4,13,0.1625,0.0,0
628,WHITE,1,10,10,56,914,0.0035525164113785557,1,4,6,0,1,1,8,3,1,15,0.0967741935483871,0.0,0
629,RED,0,4,11,50,786,0.0016819338422391858,0,6,10,0,2,0,1,2,0,3,0.10204081632653061,1.0,0
630,ORANGE,0,5,10,57,918,0.0006666666666666668,0,0,5,0,3,0,3,2,0,5,0.08,0.0,0
631,BLUE,0,6,10,96,1414,0.0010077793493635078,0,2,6,0,2,0,3,0,2,6,0.12307692307692308,0.0,0
632,RED,0,5,10,59,962,0.0007006237006237007,1,4,6,0,1,0,1,2,0,3,0.0641025641025641,0.0,0
633,BLUE,0,3,10,56,879,3.640500568828216e-05,0,1,3,0,1,0,5,2,0,11,0.11538461538461539,1.0,0
634,WHITE,1,10,10,44,660,0.005101515151515151,0,2,7,0,3,1,7,5,0,15,0.1956521739130435,0.0,0
635,RED,0,2,10,83,1319,-0.0002388172858225929,0,1,1,0,0,0,1,2,0,2,0.05194805194805195,0.0,0
636,WHITE,1,10,10,80,1401,0.002318344039971449,0,2,3,0,1,0,5,5,2,15,0.12037037037037036,0.0,0
637,WHITE,1,10,10,72,1161,0.002813092161929371,0,3,5,0,2,1,12,4,1,15,0.1282051282051282,0.2,0
638,ORANGE,0,7,10,70,1086,0.00029097605893186007,0,2,4,0,1,1,9,4,0,15,0.07,0.0,0
639,WHITE,1,10,10,42,659,0.006244309559939302,1,3,8,0,3,0,3,1,2,8,0.16666666666666666,0.0,0
640,RED,0,3,10,76,1176,-4.251700680272101e-06,0,1,2,0,1,0,2,2,0,5,0.0821917808219178,1.0,0
641,RED,0,3,10,45,702,0.000650997150997151,0,3,4,0,1,0,2,2,0,6,0.11764705882352941,0.0,0
642,ORANGE,0,5,10,78,1226,0.0006704730831973899,0,2,5,0,2,0,3,3,0,6,0.09302325581395349,0.0,0
643,ORANGE,0,4,10,52,815,0.0005754601226993865,0,0,0,0,0,0,1,0,2,3,0.11290322580645161,0.0,0
644,RED,0,7,10,73,1120,0.000675,0,2,6,0,2,1,6,3,0,13,0.11666666666666667,1.0,0
645,RED,0,3,10,56,893,0.00042889137737961924,0,2,4,0,0,0,4,3,0,10,0.10606060606060606,0.0,0
646,ORANGE,0,3,10,48,738,-0.0001422764227642276,0,2,3,0,1,0,6,2,0,15,0.13333333333333333,0.0,0
647,RED,0,2,10,122,1843,1.736299511665761e-05,0,2,2,0,0,0,3,2,0,11,0.06060606060606061,0.0,0
648,NONE,0,8,8,135,2000,0.0009735000000000001,1,6,10,0,2,1,8,2,0,14,0.07792207792207792,0.0,1
649,BLUE,0,6,10,50,846,0.0007470449172576833,1,3,4,0,1,0,2,1,1,5,0.07777777777777778,0.0,0
650,BLUE,0,4,10,35,585,0.001341880341880342,0,2,3,0,0,0,1,0,2,3,0.125,0.0,0
651,WHITE,1,10,10,41,643,0.006216174183514775,1,6,10,0,2,1,5,2,1,9,0.15254237288135594,0.0,0
652,ORANGE,0,7,10,99,1604,0.00017643391521197008,0,3,5,0,0,1,7,5,0,15,0.1111111111111111,0.0,0
653,ORANGE,0,6,10,85,1271,0.001016522423288749,1,5,8,0,2,0,1,2,0,3,0.09259259259259259,0.0,0
654,BLUE,0,8,10,106,1654,0.0010042321644498186,1,6,10,0,1,0,6,3,1,15,0.10344827586206896,0.0,0
655,ORANGE,0,4,10,52,818,0.0006039119804400978,1,4,6,1,0,0,4,2,0,9,0.0821917808219178,1.0,0
656,WHITE,1,10,10,36,560,0.005798214285714286,1,3,5,0,0,1,9,2,2,15,0.19607843137254902,1.0,0
657,RED,0,2,10,58,894,-2.9082774049217016e-05,0,2,3,0,0,0,4,2,0,7,0.14285714285714285,0.0,0
658,WHITE,1,10,10,54,813,0.004239852398523985,1,4,6,0,0,1,9,4,1,15,0.20833333333333334,0.0,0
659,NONE,0,3,9,128,2000,0.0008845,0,3,4,0,0,0,4,1,1,10,0.08045977011494253,0.0,1
660,NONE,0,8,8,133,2000,0.0015645000000000001,1,5,9,0,2,0,3,0,2,8,0.1111111111111111,0.0,1
661,ORANGE,0,4,10,82,1311,0.0006552250190694127,0,3,8,0,2,0,3,2,0,8,0.058823529411764705,0.0,0
662,RED,0,9,10,81,1313,0.0012033511043412035,0,4,9,0,3,0,6,4,1,15,0.08264462809917356,1.0,0
663,WHITE,1,10,10,85,1278,0.002857589984350548,1,5,9,0,2,1,5,2,1,15,0.14814814814814814,0.0,0
664,BLUE,0,5,10,94,1437,0.0002623521224773834,0,3,3,0,0,0,6,5,0,15,0.10588235294117647,0.5,0
665,NONE,0,9,9,132,2000,0.0009385,0,2,5,0,2,1,7,5,0,15,0.15254237288135594,0.0,1
666,BLUE,0,6,11,82,1371,0.00025674690007293944,0,3,4,0,1,0,8,5,0,15,0.10989010989010989,0.6666666666666666,0
667,WHITE,1,10,10,57,904,0.0055331858407079645,0,4,10,0,3,0,4,1,3,8,0.15254237288135594,1.0,0
668,NONE,0,3,8,134,2000,0.00046,0,2,3,0,1,0,3,2,0,6,0.11538461538461539,0.0,1
669,BLUE,0,6,10,51,826,0.0009854721549636804,0,3,4,0,1,0,6,5,0,15,0.11392405063291139,1.0,0
670,NONE,0,6,6,138,2000,0.0008535,1,5,7,0,1,0,4,3,0,12,0.09210526315789473,0.0,1
671,WHITE,1,10,10,88,1429,0.0023792862141357595,0,2,5,0,2,1,7,2,2,12,0.11627906976744186,1.0,0
672,ORANGE,0,4,10,82,1286,0.0006578538102643858,0,4,7,0,2,0,7,2,0,14,0.08450704225352113,0.0,0
673,WHITE,1,11,11,53,828,0.004105072463768116,1,3,6,0,2,1,9,3,1,14,0.1232876712328767,1.0,0
674,NONE,0,5,9,128,2000,0.0007495000000000001,0,2,4,0,2,0,7,1,1,11,0.07216494845360824,0.0,1
675,BLUE,0,2,10,38,596,-0.00047818791946308725,0,0,1,0,0,0,3,2,0,8,0.0784313725490196,0.0,0
676,BLUE,0,2,10,43,677,0.0004194977843426883,0,1,4,0,0,0,4,2,0,6,0.08163265306122448,1.0,0
677,ORANGE,0,5,10,78,1224,-0.00010539215686274508,0,2,3,0,1,1,8,2,0,14,0.08823529411764706,0.0,0
678,RED,0,2,10,61,995,0.00027839195979899496,0,2,5,1,0,0,5,2,0,9,0.07228915662650602,0.0,0
679,ORANGE,0,7,10,42,665,0.0007187969924812031,1,3,4,0,1,0,5,4,0,13,0.15789473684210525,0.5,0
680,BLUE,0,9,10,93,1501,0.0009393737508327782,0,3,6,1,2,0,5,5,1,15,0.12359550561797752,0.0,0
681,WHITE,1,10,10,78,1231,0.003289195775792039,0,4,10,0,2,1,8,4,1,15,0.13953488372093023,1.0,0
682,BLUE,0,2,10,28,461,9.761388286334056e-05,0,1,3,1,0,0,1,2,0,4,0.09523809523809523,0.0,0
683,NONE,0,3,9,135,2000,0.0004695,0,1,2,0,1,0,7,2,0,11,0.08955223880597014,1.0,1
684,RED,0,9,10,98,1526,0.0015504587155963305,0,4,7,0,3,0,5,0,3,6,0.12987012987012986,0.0,0
685,ORANGE,0,3,10,39,603,0.00025207296849087896,0,1,3,0,1,0,0,2,0,2,0.0784313725490196,0.0,0
686,WHITE,1,10,10,34,577,0.006606585788561525,1,4,4,0,0,0,11,2,3,15,0.1411764705882353,0.0,0
687,NONE,0,7,7,136,2000,0.000893,0,1,5,0,1,1,10,4,0,15,0.09375,0.0,1
688,RED,0,2,10,83,1296,-0.00034799382716049385,0,0,1,0,0,0,6,2,0,9,0.05128205128205128,1.0,0
689,BLUE,0,7,10,119,1773,0.0007100958826847152,0,3,7,0,3,0,5,4,0,15,0.1,0.0,0
690,BLUE,0,7,10,43,666,0.0021156156156156157,1,3,6,0,1,0,3,0,2,7,0.15217391304347827,0.5,0
691,WHITE,1,10,10,50,785,0.005007643312101911,0,5,7,0,1,1,9,5,1,15,0.1780821917808219,0.0,0
692,BLUE,0,7,10,100,1573,0.0003299427844882391,0,2,2,0,0,1,8,1,2,13,0.0989010989010989,0.5,0
693,ORANGE,0,8,10,67,1078,9.276437847866408e-06,0,0,3,0,1,1,6,5,0,15,0.1388888888888889,0.25,0
694,NONE,0,5,9,129,2000,0.0008005,1,6,7,0,1,0,7,2,0,11,0.07228915662650602,0.0,1
695,NONE,0,6,8,140,2000,0.001058,1,6,9,0,1,0,3,1,1,6,0.0945945945945946,0.0,1
696,WHITE,1,10,10,53,891,0.004956228956228956,1,5,7,0,0,0,4,0,4,13,0.1411764705882353,1.0,0
697,WHITE,1,10,10,117,1747,0.0020463651974813968,1,6,9,0,2,1,6,0,2,10,0.0898876404494382,0.0,0
698,NONE,0,6,8,128,2000,0.0009345,1,5,7,0,1,0,3,1,1,11,0.07894736842105263,0.0,1
699,WHITE,1,10,10,61,968,0.0031911157024793386,0,1,1,0,0,1,10,4,2,15,0.14457831325301204,0.3333333333333333,0
700,RED,0,6,10,39,620,0.00039516129032258064,0,1,2,0,0,1,6,4,0,15,0.16393442622950818,0.1,0
701,WHITE,1,10,10,94,1476,0.0035074525745257454,1,7,12,0,1,0,5,1,3,10,0.15873015873015872,1.0,0
702,BLUE,0,2,10,118,1818,-0.00019691969196919694,0,1,1,0,0,0,4,2,0,6,0.06896551724137931,0.0,0
703,ORANGE,0,4,10,83,1246,-0.00010032102728731941,0,3,3,0,0,1,13,2,0,15,0.08823529411764706,0.0,0
704,WHITE,1,10,10,106,1649,0.0018847786537295331,1,6,9,0,2,1,5,4,0,15,0.09876543209876543,0.0,0
705,ORANGE,0,2,10,45,698,-0.00047994269340974213,0,0,0,0,0,0,3,2,0,4,0.07407407407407407,0.0,0
706,BLUE,0,9,10,107,1730,0.0012664739884393065,1,7,10,0,2,0,5,3,1,11,0.1111111111111111,0.0,0
707,WHITE,1,10,10,37,590,0.005733898305084746,0,1,3,0,1,1,7,3,2,15,0.19672131147540983,1.0,0
708,BLUE,0,6,10,87,1385,0.0012274368231046933,1,6,11,0,1,0,6,1,1,15,0.09722222222222222,0.0,0
709,WHITE,1,10,10,71,1092,0.003665750915750916,1,7,10,0,1,1,10,3,1,15,0.11290322580645161,0.0,0
710,WHITE,1,10,10,85,1469,0.0025037440435670523,0,2,3,0,0,1,10,0,4,15,0.11764705882352941,0.0,0
711,WHITE,1,10,10,76,1211,0.004611890999174236,1,8,14,0,2,0,4,0,3,10,0.12987012987012986,1.0,0
712,WHITE,1,10,10,87,1380,0.0033659420289855074,1,6,12,0,3,0,2,1,2,5,0.0963855421686747,0.0,0
713,BLUE,0,3,10,60,926,0.0003812095032397408,0,2,2,0,0,0,0,1,1,2,0.1282051282051282,0.0,0
714,BLUE,0,3,10,62,972,-0.0003096707818930041,0,0,1,0,1,0,3,2,0,9,0.08823529411764706,1.0,0
715,RED,0,3,10,51,844,-0.000283175355450237,0,1,2,1,0,0,6,3,0,12,0.09210526315789473,1.0,0
716,ORANGE,0,2,10,69,1113,-0.00026954177897574127,0,1,1,0,0,0,4,2,0,7,0.06521739130434782,0.0,0
717,WHITE,1,10,10,119,1904,0.001824579831932773,0,4,6,0,1,1,8,3,2,15,0.125,0.5,0
718,WHITE,1,10,10,96,1527,0.0025841519318926,0,2,5,0,2,0,10,2,3,13,0.10810810810810811,0.0,0
719,RED,0,7,10,77,1262,0.00016719492868462758,0,1,2,0,1,1,10,2,1,15,0.06837606837606838,0.125,0
720,WHITE,1,10,10,37,613,0.005295269168026101,0,0,3,0,2,1,6,2,2,12,0.14492753623188406,1.0,0
721,RED,0,2,10,101,1617,6.926406926406926e-05,0,2,3,0,0,0,5,2,0,6,0.06,0.0,0
722,BLUE,0,5,10,75,1234,5.3484602917342006e-05,0,0,3,0,2,0,5,3,0,15,0.09210526315789473,0.5,0
723,BLUE,0,8,10,70,1163,0.0009062768701633706,0,0,1,0,0,0,6,2,3,15,0.11320754716981132,0.5,0
724,WHITE,1,10,10,92,1412,0.003165014164305949,1,7,11,0,3,0,5,1,2,13,0.10714285714285714,0.0,0
725,RED,0,3,10,50,825,7.151515151515152e-05,0,2,3,0,1,0,1,2,0,4,0.1111111111111111,1.0,0
726,BLUE,0,4,10,85,1305,0.0003770114942528736,0,3,6,0,2,0,4,2,0,11,0.08450704225352113,0.0,0
727,RED,0,7,10,52,856,0.0005549065420560748,0,1,4,0,1,1,8,4,0,15,0.0975609756097561,0.25,0
728,BLUE,0,7,10,109,1708,0.0007956674473067917,0,2,7,0,3,0,4,2,1,10,0.10126582278481013,0.0,0
729,ORANGE,0,2,10,51,806,-0.00029528535980148884,0,1,1,0,0,0,3,2,0,4,0.09523809523809523,0.0,0
730,ORANGE,0,2,10,71,1069,-0.0005154349859681946,0,0,0,0,0,0,4,2,0,6,0.07142857142857142,1.0,0
731,BLUE,0,2,10,49,765,-1.0457516339869297e-05,0,2,2,0,0,0,1,2,0,4,0.11320754716981132,0.0,0
732,BLUE,0,8,10,95,1516,0.0003898416886543536,0,2,3,0,1,1,8,5,0,15,0.11392405063291139,1.0,0
733,WHITE,1,10,10,67,1114,0.0026624775583482946,0,0,2,0,1,1,7,3,2,15,0.11,0.0,0
734,ORANGE,0,8,10,68,1163,0.0009785038693035254,1,4,5,0,1,0,6,1,2,13,0.0847457627118644,1.0,0
735,BLUE,0,6,10,78,1215,0.0008403292181069959,0,2,3,0,0,0,6,2,2,15,0.11235955056179775,0.0,0
736,ORANGE,0,6,10,72,1129,0.0004162976085031001,1,3,5,0,1,0,5,3,0,13,0.08139534883720931,0.0,0
737,RED,0,4,10,43,705,0.0008936170212765958,1,5,6,0,0,0,2,2,0,4,0.06451612903225806,0.0,0
738,BLUE,0,3,10,38,630,0.0005793650793650794,0,1,3,0,0,0,4,1,1,10,0.0967741935483871,0.0,0
739,RED,0,4,10,55,914,0.00039168490153172866,0,1,3,0,1,0,5,3,0,8,0.08,0.0,0
740,RED,0,6,10,89,1374,0.0012314410480349345,1,6,12,0,2,0,4,2,0,8,0.08771929824561403,0.0,0
741,RED,0,4,10,83,1327,0.0004310474755086662,0,2,5,0,2,0,4,2,0,9,0.05714285714285714,0.0,0
742,RED,0,2,10,46,728,0.0001854395604395604,0,1,3,0,0,0,4,2,0,9,0.07142857142857142,1.0,0
743,ORANGE,0,3,10,51,825,0.00044242424242424243,0,2,5,1,1,0,2,2,0,6,0.08,1.0,0
744,RED,0,4,10,57,915,0.0006786885245901639,0,2,5,0,1,0,3,3,0,9,0.07777777777777778,0.0,0
745,WHITE,1,10,10,98,1555,0.0019672025723472667,0,3,5,0,2,1,11,4,1,15,0.0970873786407767,0.3333333333333333,0
746,ORANGE,0,6,10,133,1986,0.0006173212487411883,0,2,8,0,2,0,7,2,1,11,0.12698412698412698,0.0,0
747,BLUE,0,5,10,82,1337,0.0006140613313388183,0,2,5,0,2,0,6,3,0,13,0.0660377358490566,1.0,0
748,RED,0,2,10,40,648,-0.00020524691358024695,0,0,1,1,0,0,2,2,0,3,0.0847457627118644,0.0,0
749,WHITE,1,10,10,106,1638,0.0030897435897435897,0,4,8,0,2,0,6,0,4,12,0.15217391304347827,1.0,0
750,ORANGE,0,9,10,69,1118,0.002061717352415027,1,7,11,0,2,0,5,1,2,12,0.10185185185185185,1.0,0
751,RED,0,5,10,68,1098,0.0010646630236794171,0,2,7,0,1,0,4,2,1,11,0.09090909090909091,0.0,0
752,WHITE,1,10,10,114,1820,0.0020675824175824175,0,4,9,0,2,1,8,4,1,15,0.13333333333333333,0.75,0
753,ORANGE,0,8,10,113,1784,0.0004405829596412556,1,5,8,0,1,1,6,3,0,8,0.10975609756097561,0.0,0
754,BLUE,0,5,10,103,1638,0.0006428571428571428,0,3,7,0,0,0,7,5,0,15,0.0945945945945946,0.6666666666666666,0
755,BLUE,0,3,10,68,1137,-2.3746701846965734e-05,0,0,2,1,0,0,3,3,0,8,0.05825242718446602,0.0,0
756,RED,0,4,10,80,1239,0.0005899919289749798,0,2,7,0,2,0,5,2,0,11,0.05970149253731343,1.0,0
757,WHITE,1,10,10,70,1125,0.0033093333333333334,1,4,5,0,0,0,4,2,3,15,0.13793103448275862,0.75,0
758,ORANGE,0,4,10,89,1296,-3.317901234567901e-05,1,4,4,0,0,0,4,2,0,10,0.10909090909090909,0.0,0
759,NONE,0,9,9,122,2000,0.0008385,0,3,5,0,2,1,8,5,0,15,0.10714285714285714,0.3333333333333333,1
760,BLUE,0,9,10,60,992,0.0024889112903225805,1,6,10,0,2,0,5,1,2,10,0.1111111111111111,1.0,0
761,ORANGE,0,3,10,77,1265,-8.695652173913043e-05,0,1,3,0,1,0,3,2,0,9,0.0759493670886076,0.0,0
762,ORANGE,0,7,10,57,919,0.0013830250272034823,0,0,4,0,3,0,4,0,2,8,0.10126582278481013,0.0,0
763,RED,0,4,10,93,1432,0.00033379888268156424,0,1,5,0,2,0,3,2,0,8,0.08,0.0,0
764,RED,0,4,11,70,1077,2.0427112349117913e-05,0,0,1,0,1,0,4,3,0,6,0.08139534883720931,0.5,0
765,ORANGE,0,4,10,45,753,0.0008685258964143427,0,1,2,0,0,0,2,0,2,5,0.13793103448275862,0.0,0
766,WHITE,1,10,10,32,546,0.005959706959706959,0,3,4,0,1,1,8,5,1,15,0.2,0.5,0
767,WHITE,1,10,10,26,412,0.009135922330097088,0,2,3,0,1,1,7,1,3,8,0.2608695652173913,0.0,0
768,RED,0,5,10,80,1307,0.000909716908951798,0,3,5,0,1,0,2,0,2,6,0.10666666666666667,0.5,0
769,BLUE,0,7,10,106,1638,0.0010775335775335775,0,3,8,0,3,0,7,2,1,14,0.0975609756097561,0.0,0
770,BLUE,0,8,10,59,984,0.0016758130081300814,0,2,6,1,3,0,2,1,2,5,0.12658227848101267,0.0,0
771,BLUE,0,3,10,102,1649,-0.00025894481503941784,0,0,1,0,1,0,2,2,0,7,0.057692307692307696,0.0,0
772,BLUE,0,4,10,50,816,0.0006875000000000001,0,2,3,0,1,0,2,1,1,5,0.08333333333333333,1.0,0
773,ORANGE,0,2,10,45,750,0.00029866666666666664,0,2,4,0,0,0,3,2,0,8,0.09230769230769231,0.0,0
774,ORANGE,0,9,10,99,1561,0.0016713645099295325,1,8,13,0,2,0,2,1,2,5,0.09411764705882353,0.0,0
775,RED,0,9,10,120,1898,0.0018361433087460486,1,10,18,0,3,0,4,0,2,8,0.04918032786885246,1.0,0
776,WHITE,1,10,10,35,586,0.005295221843003413,0,1,2,0,1,1,7,1,3,15,0.1518987341772152,0.0,0
777,WHITE,1,10,10,49,756,0.005288359788359788,1,3,6,0,2,0,4,2,2,7,0.19230769230769232,1.0,0
778,WHITE,1,11,11,57,915,0.004042622950819672,1,4,8,0,3,1,5,4,0,7,0.16666666666666666,1.0,0
779,WHITE,1,10,10,76,1262,0.004182250396196513,1,9,13,0,1,0,5,1,3,8,0.12790697674418605,0.0,0
780,RED,0,2,10,74,1164,-1.7182130584192515e-06,0,2,3,0,0,0,3,2,0,9,0.06493506493506493,1.0,0
781,WHITE,1,10,10,48,789,0.004622306717363751,1,3,6,0,1,1,8,1,2,11,0.2,1.0,0
782,ORANGE,0,3,10,123,1974,-0.00013069908814589666,0,3,4,0,1,0,8,2,0,13,0.0759493670886076,0.0,0
783,ORANGE,0,5,10,56,923,0.0005352112676056338,0,1,5,1,1,0,6,4,0,15,0.0784313725490196,0.0,0
784,WHITE,1,10,10,72,1191,0.003425692695214106,1,5,11,0,4,0,5,2,1,15,0.08791208791208792,0.0,0
785,ORANGE,0,2,10,51,825,2.0606060606060608e-05,0,3,3,0,0,0,3,2,0,6,0.08695652173913043,0.0,0
786,ORANGE,0,5,10,66,1035,0.0005942028985507247,0,1,1,0,0,0,4,1,2,10,0.13043478260869565,1.0,0
787,ORANGE,0,3,10,41,671,-0.0003025335320417288,0,0,1,0,1,0,2,2,0,5,0.075,0.0,0
788,ORANGE,0,7,10,97,1621,0.000971622455274522,1,4,6,0,1,0,1,0,2,4,0.09090909090909091,0.5,0
789,WHITE,1,10,10,65,990,0.004823232323232323,1,5,12,1,4,0,2,0,2,4,0.16666666666666666,0.0,0
790,WHITE,1,10,10,90,1474,0.0025176390773405696,1,6,7,0,0,0,8,4,2,15,0.09022556390977443,0.5,0
791,BLUE,0,5,10,49,782,0.001374680306905371,0,2,3,0,1,0,2,0,2,3,0.1111111111111111,0.5,0
792,ORANGE,0,2,10,53,836,-0.0005980861244019139,0,1,1,0,0,0,5,2,0,15,0.09523809523809523,0.0,0
793,BLUE,0,7,10,72,1179,0.0011153519932145886,0,1,3,0,1,0,6,0,3,8,0.1,0.6,0
794,ORANGE,0,4,10,98,1466,0.00037585266030013643,0,2,7,1,2,0,2,2,0,7,0.08108108108108109,1.0,0
795,BLUE,0,2,10,48,776,-3.608247422680414e-05,0,1,3,0,0,0,5,2,0,9,0.08,1.0,0
796,NONE,0,8,8,128,2000,0.000709,0,0,2,0,1,1,7,5,0,15,0.09183673469387756,0.3333333333333333,1
797,RED,0,2,11,80,1153,-0.0005151777970511709,0,0,0,0,0,0,4,2,0,8,0.1111111111111111,0.0,0
798,BLUE,0,8,10,129,1962,0.0004525993883792049,0,2,5,0,1,0,8,5,1,15,0.11458333333333333,0.5,0
799,RED,0,5,10,42,645,0.0013829457364341086,0,3,5,0,1,0,4,2,1,9,0.125,0.6666666666666666,0
800,RED,0,7,10,97,1595,0.0004100313479623825,0,2,5,0,2,0,9,5,0,15,0.09090909090909091,0.5,0
801,RED,0,3,10,55,845,-9.82248520710059e-05,0,0,2,0,1,0,6,2,0,15,0.1,0.0,0
802,RED,0,9,10,71,1176,0.001886904761904762,0,2,9,0,5,0,0,0,2,2,0.09523809523809523,0.6666666666666666,0
803,ORANGE,0,7,10,48,794,0.0006095717884130983,1,4,5,0,1,0,6,4,0,15,0.09523809523809523,0.0,0
804,ORANGE,0,2,10,43,702,-0.00050997150997151,0,0,0,0,0,0,4,2,0,5,0.08955223880597014,0.0,0
805,WHITE,1,10,10,57,903,0.0035537098560354374,1,5,7,0,2,1,5,4,0,15,0.1509433962264151,1.0,0
806,RED,0,2,10,105,1628,-0.00013144963144963147,0,0,2,0,0,0,6,2,0,15,0.06521739130434782,0.0,0
807,BLUE,0,2,10,76,1187,0.0004414490311710194,0,4,6,0,0,0,3,2,0,4,0.0759493670886076,1.0,0
808,BLUE,0,2,10,64,1010,0.0002782178217821782,0,3,4,0,0,0,4,2,0,6,0.10714285714285714,0.0,0
809,WHITE,1,10,10,74,1149,0.003804177545691906,0,4,8,0,0,1,10,2,3,15,0.14285714285714285,1.0,0
810,ORANGE,0,5,10,110,1708,0.0004789227166276347,1,6,8,0,0,0,5,3,0,14,0.07792207792207792,0.0,0
811,ORANGE,0,3,10,45,760,0.0007302631578947369,0,2,4,1,0,0,3,1,1,6,0.09722222222222222,1.0,0
812,NONE,0,7,8,126,2000,0.000829,0,3,4,0,0,1,8,3,1,15,0.1232876712328767,0.0,1
813,WHITE,1,10,10,52,790,0.004363291139240506,1,3,5,0,0,1,10,2,2,15,0.20408163265306123,0.3333333333333333,0
814,RED,0,5,10,95,1587,0.0002589792060491493,0,4,6,0,0,0,5,5,0,15,0.1111111111111111,0.0,0
815,ORANGE,0,9,10,94,1572,0.0009491094147582697,1,6,10,0,0,0,6,5,1,15,0.10476190476190476,0.5,0
816,BLUE,0,4,10,52,847,0.0005631641086186541,0,1,4,1,1,0,4,1,1,10,0.0707070707070707,1.0,0
817,ORANGE,0,2,10,48,783,-0.00029118773946360156,0,2,2,0,0,0,4,2,0,10,0.09375,0.0,0
818,RED,0,6,10,68,1074,0.0003426443202979516,1,4,5,0,1,0,4,3,0,12,0.07865168539325842,0.0,0
819,BLUE,0,3,10,70,1110,-0.00010180180180180182,0,0,0,0,0,0,2,1,1,6,0.07865168539325842,0.0,0
820,WHITE,1,10,10,84,1352,0.0025414201183431955,1,8,11,0,2,1,9,4,0,15,0.1,1.0,0
821,WHITE,1,10,10,39,611,0.006833060556464812,1,4,7,0,1,0,3,1,3,7,0.2,0.0,0
822,BLUE,0,3,10,105,1669,-0.0001012582384661474,0,1,2,0,1,0,5,2,0,14,0.07058823529411765,0.0,0
823,WHITE,1,10,10,75,1200,0.003535,0,3,4,0,0,0,5,2,4,15,0.175,0.6,0
824,RED,0,2,10,84,1278,0.00011502347417840375,0,3,4,0,0,0,2,2,0,6,0.1,0.0,0
825,ORANGE,0,3,10,94,1534,0.0005880052151238592,0,5,7,0,0,0,6,1,1,13,0.06930693069306931,1.0,0
826,BLUE,0,3,10,44,725,4.413793103448279e-05,0,1,2,0,1,0,4,2,0,10,0.10526315789473684,0.0,0
827,RED,0,4,10,81,1321,0.00031037093111279334,0,2,3,0,1,0,6,1,1,9,0.07777777777777778,1.0,0
828,RED,0,5,10,45,716,-0.0005558659217877095,0,0,0,0,0,1,10,3,0,15,0.10294117647058823,0.5,0
829,ORANGE,0,2,10,63,1005,-2.9850746268656728e-05,0,1,3,0,0,0,2,2,0,6,0.0759493670886076,0.0,0
830,NONE,0,8,8,124,2000,0.00133,1,6,11,0,2,0,1,0,2,5,0.109375,0.3333333333333333,1
831,BLUE,0,9,10,123,1878,0.0009387646432374867,1,7,12,0,2,0,5,5,0,15,0.1,1.0,0
832,RED,0,4,10,94,1426,-0.00015778401122019638,0,1,2,0,0,1,6,2,0,11,0.1016949152542373,0.0,0
833,RED,0,3,10,46,715,0.0005384615384615384,0,3,4,0,0,0,3,3,0,6,0.09803921568627451,0.0,0
834,ORANGE,0,3,10,103,1607,0.00010267579340385812,0,1,3,0,1,0,1,2,0,3,0.056179775280898875,1.0,0
835,ORANGE,0,2,10,111,1693,4.2528056704075595e-05,0,2,4,0,0,0,4,2,0,9,0.06451612903225806,1.0,0
836,BLUE,0,4,10,55,856,0.000713785046728972,0,1,4,0,2,0,3,2,0,7,0.09090909090909091,0.0,0
837,ORANGE,0,2,10,29,461,-0.0009783080260303688,0,0,0,0,0,0,3,2,0,5,0.11764705882352941,0.5,0
838,RED,0,3,10,51,826,2.9055690072639238e-05,0,0,2,0,1,0,0,2,0,2,0.05555555555555555,1.0,0
839,ORANGE,0,2,10,94,1471,-0.0003698164513936098,0,0,2,0,0,0,6,2,0,15,0.07407407407407407,0.0,0
840,RED,0,5,11,49,806,0.0008064516129032259,0,2,2,0,0,0,5,1,2,15,0.0967741935483871,0.0,0
841,BLUE,0,7,10,55,861,0.00016260162601626014,0,1,2,0,0,1,9,5,0,15,0.12857142857142856,1.0,0
842,BLUE,0,5,10,103,1564,0.0005786445012787724,0,3,6,0,1,0,6,2,1,15,0.14705882352941177,0.0,0
843,RED,0,4,10,58,913,0.0005377875136911282,0,1,5,0,2,0,5,2,0,8,0.07058823529411765,0.0,0
844,RED,0,7,10,72,1140,0.001274561403508772,1,4,6,0,1,0,3,0,2,4,0.09876543209876543,0.3333333333333333,0
845,WHITE,1,10,10,28,453,0.006019867549668874,0,0,1,0,1,1,8,5,1,15,0.24444444444444444,1.0,0
846,WHITE,1,10,10,64,1024,0.00405078125,0,5,9,0,2,1,6,2,2,14,0.20754716981132076,0.0,0
847,ORANGE,0,2,10,57,880,4.204545454545452e-05,0,0,2,0,0,0,5,2,0,10,0.125,0.0,0
848,RED,0,2,10,42,641,0.00025741029641185645,0,2,3,0,0,0,2,2,0,4,0.0851063829787234,0.0,0
849,WHITE,1,10,10,34,544,0.006661764705882353,0,1,2,0,1,1,7,1,3,12,0.25,0.3333333333333333,0
850,RED,0,3,10,130,1971,0.00010755961440892947,0,3,4,0,1,0,3,2,0,4,0.06976744186046512,0.0,0
851,BLUE,0,3,10,90,1388,0.0008155619596541787,0,4,10,0,1,0,5,2,0,12,0.06521739130434782,0.0,0
852,BLUE,0,5,10,74,1164,0.00012457044673539519,0,1,1,0,0,0,6,3,1,15,0.10843373493975904,0.6666666666666666,0
853,BLUE,0,4,10,108,1654,9.371221281741235e-05,0,1,3,0,2,0,1,2,0,2,0.05970149253731343,0.0,0
854,RED,0,2,10,42,661,-0.0006051437216338881,0,0,0,0,0,0,1,2,0,4,0.10344827586206896,1.0,0
855,RED,0,5,10,105,1649,0.0006652516676773802,0,3,6,0,2,0,8,1,1,15,0.09090909090909091,0.0,0
856,RED,0,4,10,86,1430,0.0001062937062937063,0,0,3,0,1,0,8,3,0,15,0.07142857142857142,0.0,0
857,ORANGE,0,3,10,69,1110,0.0003522522522522523,0,3,4,0,1,0,5,2,0,7,0.06593406593406594,0.0,0
858,ORANGE,0,4,10,47,777,0.000658944658944659,0,2,4,0,2,0,2,2,0,4,0.0821917808219178,1.0,0
859,RED,0,5,11,90,1485,0.0005158249158249158,0,3,5,0,0,0,7,5,0,15,0.11538461538461539,0.5,0
860,RED,0,4,10,76,1231,0.0004930950446791227,0,2,6,0,2,0,3,2,0,8,0.06578947368421052,0.0,0
861,BLUE,0,4,10,95,1379,-0.00034807831762146487,0,0,1,0,0,1,7,2,0,15,0.0967741935483871,0.25,0
862,WHITE,1,10,10,114,1734,0.002779123414071511,1,8,12,0,2,0,3,2,2,10,0.10638297872340426,1.0,0
863,ORANGE,0,6,10,70,1118,0.000761180679785331,1,5,7,0,1,0,4,3,0,8,0.07954545454545454,0.5,0
864,WHITE,1,10,10,86,1352,0.0031116863905325445,1,5,10,0,1,0,9,5,1,15,0.11,0.5,0
865,WHITE,1,10,10,44,717,0.004316596931659694,1,4,6,0,1,1,6,5,0,15,0.1,0.0,0
866,NONE,0,3,7,136,2000,0.0005235,0,2,3,0,1,0,2,2,0,6,0.11538461538461539,1.0,1
867,WHITE,1,10,10,114,1778,0.0019015748031496063,0,3,6,0,2,1,8,4,1,15,0.1388888888888889,0.5,0
868,WHITE,1,10,10,72,1210,0.002797520661157025,1,4,8,0,2,1,8,4,0,15,0.1,1.0,0
869,WHITE,1,10,10,77,1247,0.003595829991980754,0,3,10,0,3,0,9,3,2,15,0.1375,0.5,0
870,RED,0,6,10,86,1388,0.0003609510086455331,0,1,4,0,1,0,5,5,0,15,0.09574468085106383,1.0,0
871,BLUE,0,4,10,51,810,-0.00032345679012345675,0,2,3,0,0,1,6,2,0,15,0.07792207792207792,0.3333333333333333,0
872,ORANGE,0,4,10,104,1692,0.0002647754137115839,0,3,7,0,1,0,10,3,0,14,0.056179775280898875,1.0,0
873,BLUE,0,2,10,66,1040,-0.0003451923076923077,0,1,1,0,0,0,3,2,0,8,0.09230769230769231,0.0,0
874,ORANGE,0,6,11,105,1573,0.0006350921805467261,1,5,7,0,1,0,3,1,1,8,0.11864406779661017,1.0,0
875,RED,0,4,10,88,1452,0.0002568870523415978,1,5,5,0,0,0,2,2,0,6,0.075,1.0,0
876,WHITE,1,10,10,59,913,0.004707557502738225,1,3,6,0,1,0,4,1,3,8,0.171875,1.0,0
877,WHITE,1,10,10,73,1188,0.00413047138047138,0,3,7,0,1,0,4,1,4,15,0.15853658536585366,1.0,0
878,ORANGE,0,2,10,82,1272,0.000205188679245283,0,3,4,0,0,0,6,2,0,9,0.06741573033707865,0.0,0
879,ORANGE,0,3,10,61,972,0.0001594650205761317,0,1,2,0,1,0,4,2,0,5,0.08823529411764706,0.0,0
880,RED,0,5,10,103,1627,0.0004535955746773202,0,2,5,1,1,0,6,2,1,11,0.08163265306122448,0.0,0
881,RED,0,2,10,67,1024,-0.0001640625,0,1,1,0,0,0,2,2,0,3,0.078125,0.0,0
882,ORANGE,0,5,10,118,1788,0.0009893736017897092,0,5,10,0,2,0,4,1,1,7,0.08333333333333333,0.0,0
883,RED,0,6,10,101,1585,0.0002946372239747634,0,2,4,0,1,0,6,5,0,15,0.11842105263157894,0.0,0
884,ORANGE,0,2,10,51,774,-0.0003488372093023256,0,1,1,0,0,0,2,2,0,5,0.13953488372093023,0.0,0
885,WHITE,1,10,10,57,906,0.003687637969094923,1,5,7,0,1,1,14,3,1,15,0.19148936170212766,0.0,0
886,BLUE,0,3,10,44,689,0.00034542815674891143,0,1,2,0,0,0,3,3,0,5,0.125,0.0,0
887,BLUE,0,6,11,123,1926,0.0008515057113187954,0,4,6,0,2,0,1,0,2,3,0.0875,0.6666666666666666,0
888,BLUE,0,8,10,47,771,0.001688715953307393,0,1,4,0,1,0,7,3,2,15,0.12941176470588237,0.2857142857142857,0
889,RED,0,3,10,70,1065,0.00038497652582159626,0,3,4,0,1,0,2,2,0,4,0.14285714285714285,0.0,0
890,WHITE,1,10,10,93,1471,0.002670972127804215,1,6,11,0,3,0,6,3,1,15,0.12,0.0,0
891,RED,0,3,10,73,1120,0.00021696428571428575,0,5,6,0,1,0,4,2,0,11,0.09836065573770492,0.0,0
892,ORANGE,0,3,10,75,1166,0.0002495711835334477,0,2,5,0,1,0,5,2,0,13,0.07792207792207792,0.0,0
893,ORANGE,0,2,10,61,957,-0.0002142110762800418,0,2,2,0,0,0,4,2,0,6,0.09230769230769231,0.0,0
894,BLUE,0,5,10,72,1212,0.00035808580858085815,0,2,4,0,2,0,5,1,1,15,0.056451612903225805,0.5,0
895,ORANGE,0,7,10,74,1223,0.0005739983646770236,0,4,6,0,0,1,7,5,0,15,0.10975609756097561,1.0,0
896,WHITE,1,10,10,113,1760,0.0017749999999999999,0,2,4,0,0,1,7,4,2,15,0.14634146341463414,0.5,0
897,NONE,0,7,8,120,2000,0.0009625,0,2,5,0,2,0,2,3,1,6,0.102803738317757,0.0,1
898,ORANGE,0,6,10,103,1682,-5.1129607609988105e-05,0,1,1,0,0,1,6,2,1,15,0.0784313725490196,0.0,0
899,NONE,0,8,8,124,2000,0.0009265,0,1,4,0,1,0,6,5,1,15,0.1375,0.6666666666666666,1
900,RED,0,7,10,48,786,0.0011844783715012723,1,3,4,0,1,0,7,2,1,15,0.1282051282051282,0.6666666666666666,0
901,WHITE,1,10,10,54,850,0.003770588235294118,1,5,8,0,2,1,9,2,1,15,0.11594202898550725,0.0,0
902,WHITE,1,10,10,60,950,0.0045642105263157895,0,5,8,0,1,1,5,1,3,7,0.22641509433962265,1.0,0
903,ORANGE,0,3,10,62,993,-0.0004541792547834844,0,0,0,0,0,0,7,3,0,14,0.08860759493670886,0.0,0
904,NONE,0,2,8,137,2000,0.000408,0,0,2,0,0,0,3,2,0,9,0.10526315789473684,0.0,1
905,NONE,0,9,9,130,2000,0.0016315,0,4,8,0,1,0,6,2,3,15,0.13186813186813187,0.25,1
906,ORANGE,0,5,10,69,1114,0.0008482944344703771,0,1,3,0,1,0,4,0,2,8,0.1038961038961039,0.0,0
907,WHITE,1,10,10,51,817,0.0051285189718482255,1,5,10,0,3,0,7,5,0,15,0.1935483870967742,1.0,0
908,NONE,0,8,8,131,2000,0.0015245,0,5,9,0,2,0,8,2,2,14,0.12345679012345678,1.0,1
909,BLUE,0,3,10,52,802,-0.00012967581047381544,0,1,3,0,1,0,1,2,0,4,0.1,0.5,0
910,ORANGE,0,3,10,58,940,0.00014680851063829788,0,1,3,0,1,0,3,2,0,8,0.1016949152542373,0.0,0
911,WHITE,1,10,10,54,832,0.005167067307692307,1,8,14,0,3,1,5,3,0,9,0.1509433962264151,1.0,0
912,ORANGE,0,4,10,79,1277,0.0004111198120595145,0,1,2,0,1,0,2,1,1,5,0.09210526315789473,0.0,0
913,RED,0,3,10,53,842,0.0007327790973871734,0,2,4,0,0,0,4,1,1,7,0.11666666666666667,0.0,0
914,NONE,0,9,9,130,2000,0.0011355,1,5,8,0,2,1,7,1,1,12,0.0958904109589041,0.0,1
915,BLUE,0,3,10,64,1036,0.0005038610038610038,0,2,6,0,1,0,3,2,0,7,0.10909090909090909,0.0,0
916,NONE,0,6,9,124,2000,0.0011115,0,4,9,0,4,0,3,2,0,9,0.08823529411764706,1.0,1
917,WHITE,1,10,10,69,1075,0.0037274418604651164,1,6,10,0,2,0,5,4,1,15,0.14492753623188406,0.5,0
918,BLUE,0,7,10,116,1885,0.0006848806366047746,0,5,8,0,1,1,9,2,1,14,0.11494252873563218,1.0,0
919,BLUE,0,5,10,84,1278,0.0005899843505477308,0,3,6,0,2,0,6,3,0,8,0.1044776119402985,0.0,0
920,BLUE,0,3,10,76,1209,0.0003341604631927213,0,2,4,0,1,0,2,2,0,6,0.0821917808219178,0.0,0
921,BLUE,0,6,10,85,1358,0.0007709867452135494,0,3,5,0,1,0,7,1,2,11,0.08490566037735849,0.0,0
922,WHITE,1,10,10,63,1042,0.002890595009596929,0,1,3,0,1,1,8,5,1,15,0.12790697674418605,0.6666666666666666,0
923,ORANGE,0,3,10,40,613,0.0003507340946166395,0,2,3,0,1,0,1,2,0,3,0.11363636363636363,0.0,0
924,ORANGE,0,6,10,61,946,0.0014947145877378437,1,5,9,2,1,0,7,1,1,9,0.08571428571428572,0.0,0
925,RED,0,4,10,64,1002,0.000313373253493014,1,3,5,0,0,0,3,2,0,10,0.06666666666666667,1.0,0
926,WHITE,1,10,10,64,1004,0.003049800796812749,1,4,7,0,1,1,6,5,0,15,0.13636363636363635,0.0,0
927,ORANGE,0,2,10,84,1269,-1.4972419227738389e-05,0,3,3,0,0,0,2,2,0,5,0.1276595744680851,1.0,0
928,RED,0,2,10,36,570,-0.0006105263157894737,0,0,0,0,0,0,2,2,0,3,0.1,1.0,0
929,BLUE,0,2,10,44,703,-0.0005519203413940256,0,0,0,0,0,0,1,2,0,4,0.1,0.0,0
930,BLUE,0,6,10,91,1509,0.0011146454605699138,1,6,8,0,0,0,0,0,2,2,0.07692307692307693,0.5,0
931,BLUE,0,3,10,51,817,0.0009351285189718483,0,3,5,0,0,0,3,1,1,11,0.1044776119402985,0.0,0
932,NONE,0,6,7,135,2000,0.0012445,1,6,12,0,2,0,5,2,0,10,0.07692307692307693,1.0,1
933,RED,0,6,11,88,1437,0.00013291579679888655,0,0,2,0,1,0,8,5,0,15,0.08181818181818182,0.5,0
934,NONE,0,9,9,134,2000,0.0016045,1,10,14,0,2,0,7,5,0,15,0.10975609756097561,1.0,1
935,BLUE,0,8,10,46,756,0.0027513227513227515,1,6,9,0,2,0,4,2,1,8,0.10810810810810811,1.0,0
936,RED,0,3,10,49,829,0.000623642943305187,0,4,4,0,0,0,1,1,1,5,0.1206896551724138,0.0,0
937,RED,0,4,10,59,945,-6.87830687830688e-05,0,2,2,0,0,1,7,2,0,10,0.11320754716981132,1.0,0
938,ORANGE,0,5,10,95,1529,-0.00044538914323086985,0,0,0,0,0,1,6,3,0,15,0.07954545454545454,1.0,0
939,ORANGE,0,2,10,104,1607,3.671437461107653e-05,0,0,4,1,0,0,7,2,0,12,0.07317073170731707,0.0,0
940,NONE,0,7,8,129,2000,0.0015795,0,4,8,0,1,0,1,0,3,4,0.10810810810810811,0.5,1
941,BLUE,0,2,11,87,1404,-0.0001339031339031339,0,1,1,0,0,0,1,2,0,2,0.047619047619047616,1.0,0
942,RED,0,3,10,49,766,-0.0005587467362924282,0,0,2,1,1,0,5,2,0,11,0.0967741935483871,1.0,0
943,WHITE,1,10,10,76,1237,0.0029684721099434114,0,4,8,0,2,1,10,4,1,15,0.12048192771084337,0.0,0
944,ORANGE,0,3,10,50,779,0.00031065468549422334,0,2,4,1,0,0,2,3,0,6,0.12,1.0,0
945,BLUE,0,5,10,66,1053,0.0007977207977207978,0,1,5,0,2,0,3,1,1,6,0.07446808510638298,1.0,0
946,RED,0,2,10,78,1282,-0.00042745709828393135,0,1,1,0,0,0,3,2,0,11,0.06666666666666667,1.0,0
947,NONE,0,9,9,130,2000,0.0015400000000000001,1,10,13,0,1,1,8,2,1,12,0.0784313725490196,0.0,1
948,WHITE,1,10,10,93,1502,0.0028841544607190414,0,5,6,0,1,0,5,1,4,15,0.1780821917808219,0.0,0
949,WHITE,1,10,10,111,1696,0.002571933962264151,0,3,8,1,2,0,8,4,2,15,0.1111111111111111,1.0,0
950,WHITE,1,10,10,106,1702,0.002392479435957697,1,5,8,0,2,0,4,2,2,10,0.1095890410958904,0.0,0
951,NONE,0,5,9,131,2000,0.000723,0,4,6,0,0,1,8,3,0,13,0.08433734939759036,1.0,1
952,BLUE,0,9,10,87,1392,0.0009547413793103448,1,5,8,0,0,1,11,5,0,15,0.11842105263157894,0.6666666666666666,0
953,BLUE,0,8,10,78,1266,0.0011824644549763034,1,4,6,0,1,0,9,1,2,13,0.11538461538461539,0.0,0
954,ORANGE,0,9,10,62,1068,0.0013604868913857679,1,4,6,0,2,0,5,1,2,12,0.08403361344537816,0.0,0
955,BLUE,0,4,10,59,946,0.0005073995771670191,0,2,4,0,2,0,0,2,0,2,0.05194805194805195,1.0,0
956,WHITE,1,10,10,49,774,0.004335917312661499,1,3,6,0,1,1,6,1,2,14,0.14285714285714285,1.0,0
957,RED,0,5,10,56,834,0.0009916067146282974,0,2,2,0,0,0,3,1,2,5,0.19148936170212766,0.0,0
958,WHITE,1,10,10,121,1897,0.0018255139694254086,0,1,5,0,2,1,7,2,2,15,0.0970873786407767,1.0,0
959,WHITE,1,10,10,75,1178,0.00350509337860781,0,2,8,0,3,0,4,3,2,15,0.14666666666666667,0.75,0
960,BLUE,0,9,11,78,1290,0.0020472868217054265,1,7,13,0,2,0,4,1,2,8,0.08163265306122448,0.0,0
961,BLUE,0,6,10,87,1430,0.0009293706293706294,1,6,11,0,2,0,3,2,0,9,0.06976744186046512,0.0,0
962,RED,0,2,10,38,620,-0.0004,0,0,1,0,0,0,3,2,0,6,0.06944444444444445,0.0,0
963,BLUE,0,5,10,94,1549,0.0002879276952872821,0,4,6,0,0,0,6,5,0,15,0.07317073170731707,0.3333333333333333,0
964,WHITE,1,10,10,78,1162,0.00351118760757315,1,10,13,0,2,1,10,4,0,15,0.1509433962264151,0.0,0
965,BLUE,0,2,10,39,632,-0.0003401898734177215,0,1,1,0,0,0,0,2,0,2,0.06557377049180328,0.0,0
966,BLUE,0,4,10,57,878,-8.086560364464693e-05,0,2,2,0,0,1,5,2,0,7,0.12,1.0,0
967,ORANGE,0,2,10,60,933,-0.00013504823151125404,0,1,2,0,0,0,6,2,0,8,0.0967741935483871,0.0,0
968,WHITE,1,10,10,61,1089,0.004360881542699724,1,6,11,0,1,0,5,1,3,12,0.10091743119266056,0.0,0
969,RED,0,4,10,53,796,-0.00040829145728643216,0,1,2,0,0,1,7,2,0,15,0.0821917808219178,0.0,0
970,WHITE,1,10,10,127,1977,0.002044511886697016,1,6,11,0,2,1,7,0,2,15,0.10126582278481013,1.0,0
971,RED,0,8,10,87,1445,0.0004256055363321799,0,2,4,0,1,1,8,5,0,15,0.08490566037735849,1.0,0
972,BLUE,0,5,11,70,1137,0.0005321020228671944,0,0,1,0,1,0,3,0,2,4,0.10810810810810811,0.0,0
973,ORANGE,0,2,10,44,705,-0.0003092198581560284,0,0,1,0,0,0,1,2,0,3,0.08771929824561403,0.0,0
974,ORANGE,0,6,10,80,1251,0.0009832134292565948,1,7,10,0,2,0,4,2,0,10,0.07407407407407407,0.0,0
975,BLUE,0,7,10,115,1789,0.00028842929010620456,0,0,0,0,0,0,8,3,2,15,0.10091743119266056,0.0,0
976,BLUE,0,2,11,44,719,-0.0005326842837273992,0,0,0,0,0,0,1,2,0,5,0.0821917808219178,0.0,0
977,NONE,0,6,7,128,2000,0.000592,0,2,4,0,1,0,4,5,0,15,0.11688311688311688,1.0,1
978,WHITE,1,10,10,72,1189,0.004039529015979815,0,3,7,0,2,0,3,0,4,10,0.14583333333333334,0.0,0
979,RED,0,4,10,56,917,0.00015485278080697932,0,2,4,0,1,0,4,3,0,15,0.07446808510638298,0.3333333333333333,0
980,ORANGE,0,7,10,107,1815,0.0007234159779614325,0,5,7,0,0,0,6,5,1,15,0.15942028985507245,0.5,0
981,WHITE,1,10,10,79,1192,0.0024211409395973153,0,3,5,1,1,1,7,5,1,15,0.15492957746478872,0.4,0
982,WHITE,1,10,10,54,861,0.00437979094076655,1,5,9,0,2,1,6,2,1,13,0.16129032258064516,0.5,0
983,ORANGE,0,3,10,63,985,2.030456852791879e-05,0,2,3,0,1,0,2,2,0,6,0.09230769230769231,1.0,0
984,WHITE,1,10,10,113,1823,0.002513987931980252,1,6,11,0,3,0,3,1,2,11,0.09090909090909091,1.0,0
985,ORANGE,0,4,10,72,1150,0.0005591304347826087,1,6,7,0,0,0,4,2,0,8,0.07407407407407407,0.0,0
986,WHITE,1,10,10,114,1792,0.002107142857142857,1,5,10,0,1,0,7,5,1,15,0.14473684210526316,0.0,0
987,BLUE,0,6,10,91,1473,0.0012260692464358452,0,3,5,0,0,0,3,0,3,7,0.136986301369863,0.0,0
988,ORANGE,0,2,10,98,1467,-0.00023858214042263122,0,1,2,0,0,0,6,2,0,15,0.07407407407407407,0.5,0
989,RED,0,3,10,58,931,0.00013963480128893662,0,1,3,0,0,0,4,3,0,9,0.08536585365853659,0.0,0
990,WHITE,1,10,10,49,781,0.00406145966709347,0,1,2,0,0,1,8,4,2,15,0.15789473684210525,1.0,0
991,BLUE,0,9,10,101,1662,0.0011919374247894104,0,4,9,0,2,0,9,1,3,15,0.10185185185185185,0.0,0
992,WHITE,1,11,11,63,1018,0.0031915520628683696,1,3,9,1,2,1,7,5,0,15,0.125,0.5,0
993,BLUE,0,7,10,120,1908,0.0009753668763102726,0,5,10,0,1,0,8,2,2,14,0.0847457627118644,1.0,0
994,RED,0,4,10,76,1208,0.00036672185430463574,0,3,3,0,0,0,2,2,1,7,0.09278350515463918,0.0,0
995,BLUE,0,5,10,61,1066,0.00010131332082551592,0,0,2,0,0,0,5,5,0,15,0.08571428571428572,0.0,0
996,BLUE,0,4,10,77,1147,-0.0002972972972972973,0,2,2,0,0,1,7,2,0,14,0.07142857142857142,0.0,0
997,WHITE,1,11,11,74,1137,0.0032902374670184696,1,3,7,0,2,0,6,5,1,15,0.14285714285714285,1.0,0
998,ORANGE,0,4,10,54,902,0.0005044345898004435,0,1,3,0,1,0,3,1,1,6,0.08433734939759036,1.0,0
999,WHITE,1,11,11,96,1476,0.002796070460704607,1,5,6,0,0,0,5,3,3,15,0.13,0.0,0
