update,gameplay_rollouts,trade_rollouts,gameplay_reward,gameplay_reward_avg_logged,trade_reward,trade_reward_avg_logged,epsilon,td_loss,q_mean,trade_policy_loss,trade_value_loss,trade_entropy,trade_entropy_coef,trade_tom_loss,trade_reward_ma10,gameplay_reward_ma10,trade_entropy_ma10,trade_value_loss_ma10,td_loss_ma10,q_mean_ma10
0,483,296,-0.0018,-0.0018,0.0037,0.0037,1.0,0.0,0.0,0.1006,0.0031,2.994,0.0005,0.0,0.0037,-0.0018,2.994,0.0031,0.0,0.0
1,491,287,-0.0008,-0.0013,0.0024,0.003,0.9954,0.0,0.0,0.1043,0.0012,2.994,0.000498,0.0,0.0030499999999999998,-0.0013,2.994,0.00215,0.0,0.0
2,485,297,-0.001,-0.0012,0.0036,0.0032,0.9907,3.8024,1.4032,0.0978,0.0037,2.994,0.000495,0.0,0.0032333333333333333,-0.0012,2.994,0.0026666666666666666,1.2674666666666667,0.46773333333333333
3,482,300,-0.0019,-0.0014,0.0031,0.0032,0.9861,1.041,3.3338,0.1009,0.0021,2.994,0.000493,0.0,0.0031999999999999997,-0.001375,2.994,0.002525,1.21085,1.18425
4,485,297,0.0005,-0.001,0.0029,0.0031,0.9816,0.4376,4.1467,0.1029,0.0017,2.9939,0.000491,0.0,0.0031399999999999996,-0.001,2.99398,0.00236,1.0562,1.7767400000000002
5,486,296,0.0022,-0.0005,0.0033,0.0031,0.977,0.3017,5.0514,0.0919,0.0025,2.9939,0.000489,0.0,0.0031666666666666666,-0.0004666666666666666,2.9939666666666667,0.0023833333333333332,0.93045,2.3225166666666666
6,485,294,-0.0001,-0.0004,0.0019,0.003,0.9723,0.3241,5.9897,0.0966,0.0016,2.9938,0.000486,0.0,0.0029857142857142856,-0.0004142857142857142,2.9939428571428572,0.0022714285714285714,0.8438285714285714,2.8464
7,483,301,0.0014,-0.0002,0.004,0.0031,0.9677,0.2256,6.7761,0.0957,0.004,2.9937,0.000484,0.0,0.0031125,-0.00018749999999999995,2.9939125,0.0024875,0.76655,3.3376125
8,490,289,-0.0007,-0.0002,0.0012,0.0029,0.9631,0.2572,7.7213,0.0931,0.0009,2.9936,0.000482,0.0,0.0029,-0.00024444444444444443,2.9938777777777776,0.002311111111111111,0.7099555555555556,3.8246888888888892
9,483,300,0.0015,-0.0001,0.0047,0.0031,0.9585,0.3924,8.5401,0.0921,0.0045,2.9935,0.00048,0.0,0.0030800000000000003,-6.999999999999997e-05,2.99384,0.00253,0.6782,4.2962299999999995
10,487,293,-0.0003,-0.0001,0.0021,0.003,0.9539,0.3903,9.36,0.0911,0.0016,2.9933,0.000477,0.0,0.00292,8.000000000000003e-05,2.99377,0.00238,0.71723,5.2322299999999995
11,486,296,-0.001,-0.0002,0.0035,0.003,0.9493,0.3232,10.0231,0.085,0.0025,2.9932,0.000475,0.0,0.0030299999999999997,6.000000000000003e-05,2.99369,0.00251,0.7495499999999999,6.23454
12,485,295,-0.0012,-0.0002,0.003,0.003,0.9447,0.3943,11.2211,0.0811,0.0023,2.993,0.000473,0.0,0.0029699999999999996,4.000000000000004e-05,2.99359,0.0023699999999999997,0.40874,7.216330000000001
13,480,304,-0.0002,-0.0002,0.0042,0.0031,0.94,0.9635,10.5387,0.0842,0.004,2.9927,0.000471,0.0,0.0030800000000000003,0.00021000000000000004,2.99346,0.0025599999999999998,0.40099,7.93682
14,480,306,0.0009,-0.0002,0.0054,0.0033,0.9355,1.1484,10.5107,0.0772,0.0052,2.9924,0.000468,0.0,0.0033300000000000005,0.00025000000000000006,2.99331,0.00291,0.4720700000000001,8.57322
15,482,300,0.0022,-0.0,0.0038,0.0033,0.9309,1.1767,9.7196,0.1883,0.0031,2.992,0.000466,0.0,0.0033799999999999998,0.00025000000000000006,2.99312,0.00297,0.55957,9.04004
16,493,284,-0.0009,-0.0001,0.0015,0.0032,0.9263,1.0934,9.4292,0.2727,0.001,2.9915,0.000464,0.0,0.00334,0.00017000000000000004,2.99289,0.00291,0.6365000000000001,9.38399
17,483,301,-0.0017,-0.0002,0.0039,0.0032,0.9217,0.437,9.3487,0.2577,0.0023,2.9908,0.000462,0.0,0.0033300000000000005,-0.00013999999999999993,2.9926000000000004,0.00274,0.65764,9.64125
18,484,298,0.0005,-0.0001,0.0034,0.0032,0.9171,0.259,9.2656,0.2613,0.0028,2.9899,0.000459,0.0,0.00355,-1.9999999999999934e-05,2.99223,0.00293,0.6578200000000001,9.795679999999999
19,488,290,0.0002,-0.0001,0.0018,0.0032,0.9125,0.7844,9.6483,0.2322,0.0012,2.9885,0.000457,0.0,0.00326,-0.0001499999999999999,2.9917299999999996,0.0026,0.69702,9.9065
20,492,287,0.0009,0.0,0.0016,0.0031,0.9078,0.5795,9.5169,0.2499,0.0009,2.9864,0.000455,0.0,0.00321,-2.9999999999999936e-05,2.9910400000000004,0.00253,0.71594,9.92219
21,486,295,-0.001,0.0,0.0024,0.0031,0.9032,0.8464,9.7346,0.293,0.0018,2.9835,0.000453,0.0,0.0031,-2.9999999999999936e-05,2.9900700000000002,0.00246,0.7682599999999999,9.89334
22,485,296,0.0013,0.0001,0.0028,0.003,0.8985,0.542,9.9027,0.2607,0.0017,2.9791,0.00045,0.0,0.00308,0.00022000000000000006,2.98868,0.0024000000000000002,0.78303,9.7615
23,487,294,-0.0008,0.0002,0.0038,0.0031,0.8939,0.5538,10.2112,0.2773,0.002,2.9724,0.000448,0.0,0.00304,0.00016000000000000007,2.98665,0.0021999999999999997,0.74206,9.72875
24,493,283,-0.0019,0.0001,0.0016,0.003,0.8893,0.5568,10.7175,0.3009,0.0021,2.9622,0.000446,0.0,0.00266,-0.00011999999999999996,2.98363,0.00189,0.6829,9.74943
25,489,290,-0.0002,-0.0001,0.0024,0.0029,0.8846,0.2495,11.2003,0.2955,0.0018,2.947,0.000443,0.0,0.00252,-0.00035999999999999997,2.97913,0.0017599999999999998,0.5901799999999999,9.897499999999999
26,485,298,0.0006,-0.0,0.003,0.003,0.88,1.0825,10.6087,0.2409,0.0016,2.924,0.000441,0.0,0.0026699999999999996,-0.00021000000000000004,2.97238,0.00182,0.58909,10.01545
27,498,277,-0.0011,-0.0001,-0.0004,0.0028,0.8754,1.1274,10.869,0.2402,0.0022,2.8885,0.000439,0.0,0.00224,-0.00015000000000000001,2.96215,0.0018100000000000002,0.65813,10.167480000000001
28,496,279,0.0005,-0.0001,0.0014,0.0028,0.8706,0.5593,10.5863,0.1699,0.003,2.8331,0.000437,0.0,0.00204,-0.00015000000000000001,2.94647,0.00183,0.68816,10.29955
29,499,278,0.0005,-0.0001,-0.0001,0.0025,0.8659,0.6432,10.183,0.1631,0.0039,2.7474,0.000434,0.0,0.0018500000000000003,-0.00012000000000000002,2.92236,0.0021000000000000003,0.67404,10.35302
30,503,268,0.0016,-0.0,-0.0001,0.0024,0.8612,0.3338,10.334,0.1891,0.0051,2.6418,0.000432,0.0,0.0016799999999999999,-4.999999999999998e-05,2.8878999999999997,0.00252,0.64947,10.434729999999998
31,500,274,-0.0012,-0.0001,-0.0006,0.0022,0.8564,0.2188,10.096,0.1651,0.0047,2.5813,0.00043,0.0,0.0013800000000000002,-6.999999999999997e-05,2.8476799999999995,0.00281,0.5867100000000001,10.47087
32,500,274,0.0006,0.0,0.0004,0.0021,0.8517,0.5221,10.0015,0.2387,0.0038,2.5671,0.000428,0.0,0.00114,-0.00014,2.8064799999999996,0.00302,0.58472,10.48075
33,499,275,0.0008,0.0001,0.0005,0.0019,0.8469,1.4692,10.5113,0.1637,0.002,2.5921,0.000425,0.0,0.00081,2.0000000000000042e-05,2.76845,0.00302,0.67626,10.510760000000001
34,501,275,-0.0019,-0.0001,-0.0002,0.0016,0.8422,0.9842,10.4604,0.27,0.0015,2.6409,0.000423,0.0,0.00063,2.0000000000000032e-05,2.73632,0.00296,0.719,10.485050000000001
35,499,273,0.0024,-0.0,-0.0005,0.0014,0.8374,1.0267,10.4839,0.2292,0.0014,2.7004,0.000421,0.0,0.00034,0.00028000000000000003,2.71166,0.00292,0.79672,10.41341
36,501,272,0.0008,0.0,-0.0009,0.0013,0.8327,1.5172,10.5768,0.1798,0.0013,2.7609,0.000419,0.0,-4.999999999999999e-05,0.00030000000000000003,2.69535,0.00289,0.84019,10.410219999999999
37,501,273,-0.0011,0.0001,-0.001,0.0011,0.8279,0.5389,10.6871,0.118,0.0006,2.817,0.000416,0.0,-0.00010999999999999999,0.00030000000000000003,2.6882,0.0027300000000000002,0.78134,10.39203
38,496,280,0.0411,0.0021,0.0014,0.001,0.8232,1.5329,10.8898,0.1398,0.0013,2.8507,0.000414,0.0,-0.00010999999999999996,0.00436,2.68996,0.00256,0.8786999999999999,10.42238
39,497,278,0.0071,0.0025,0.0006,0.0009,0.8184,1.8903,11.1385,0.1222,0.0019,2.873,0.000412,0.0,-3.999999999999998e-05,0.00502,2.7025200000000003,0.00236,1.0034100000000001,10.51793
40,502,271,0.0006,0.0024,-0.0014,0.0008,0.8137,1.5711,10.8141,0.1122,0.0007,2.8854,0.00041,0.0,-0.00016999999999999999,0.00492,2.72688,0.0019200000000000003,1.12714,10.565940000000001
41,502,271,-0.0003,0.0025,-0.0006,0.0006,0.809,1.1476,10.2608,0.1128,0.001,2.8915,0.000407,0.0,-0.00016999999999999996,0.0050100000000000006,2.7579000000000002,0.00155,1.2200199999999999,10.58242
42,500,274,0.0078,0.0028,0.0,0.0005,0.8042,1.1859,10.6439,0.1035,0.0011,2.8917,0.000405,0.0,-0.00020999999999999998,0.00573,2.7903599999999997,0.0012799999999999999,1.2864,10.64666
43,500,273,0.0022,0.0029,0.0002,0.0003,0.7994,0.5645,10.7201,0.0828,0.0016,2.8904,0.000403,0.0,-0.00023999999999999998,0.005869999999999999,2.82019,0.00124,1.1959300000000002,10.667539999999999
44,505,267,-0.0002,0.003,-0.0021,0.0001,0.7947,0.2228,10.1712,0.0604,0.0008,2.89,0.000401,0.0,-0.00043,0.00604,2.8451,0.00117,1.1197899999999998,10.63862
45,504,267,-0.0002,0.003,-0.0014,-0.0001,0.7899,0.4081,10.3759,0.0729,0.0013,2.8914,0.000398,0.0,-0.00052,0.00578,2.8642,0.00116,1.05793,10.62782
46,501,275,-0.0011,0.003,0.0002,-0.0002,0.7851,0.52,10.2625,0.0653,0.0023,2.8959,0.000396,0.0,-0.00040999999999999994,0.0055899999999999995,2.8777,0.00126,0.95821,10.59639
47,502,269,0.002,0.0031,-0.0014,-0.0003,0.7803,1.7216,10.5457,0.0394,0.0012,2.9004,0.000394,0.0,-0.00045,0.0059,2.88604,0.00132,1.07648,10.582249999999998
48,505,267,0.0023,0.0032,-0.0019,-0.0004,0.7756,0.8304,10.5418,0.027,0.0015,2.904,0.000391,0.0,-0.00078,0.00202,2.8913699999999998,0.00134,1.00623,10.547450000000001
49,500,274,0.0014,0.0032,-0.0011,-0.0005,0.7708,0.2979,10.7409,0.0404,0.0014,2.9088,0.000389,0.0,-0.00095,0.00145,2.89495,0.00129,0.8469899999999999,10.50769
50,502,273,0.0043,0.0034,-0.0006,-0.0005,0.766,1.1248,11.0444,0.0588,0.0024,2.9151,0.000387,0.0,-0.0008699999999999999,0.00182,2.89792,0.00146,0.80236,10.530719999999999
51,503,268,0.0027,0.0036,-0.0012,-0.0005,0.7613,0.5186,11.1295,0.0158,0.0012,2.9229,0.000385,0.0,-0.0009299999999999999,0.0021199999999999995,2.90106,0.00148,0.73946,10.61759
52,493,283,0.0013,0.0036,0.0002,-0.0006,0.7565,1.1091,10.8303,0.0571,0.0012,2.9325,0.000382,0.0,-0.00091,0.0014700000000000002,2.9051400000000003,0.00149,0.73178,10.636230000000001
53,499,277,0.0018,0.0037,0.0005,-0.0006,0.7518,0.828,11.0887,0.0191,0.0012,2.9437,0.00038,0.0,-0.00088,0.00143,2.91047,0.00145,0.75813,10.67309
54,500,272,0.0023,0.0039,-0.0014,-0.0006,0.7471,0.8264,10.9307,0.0089,0.0008,2.9545,0.000378,0.0,-0.00081,0.0016799999999999999,2.91692,0.00145,0.8184899999999999,10.749039999999999
55,498,279,0.0028,0.0039,-0.0002,-0.0006,0.7423,1.5512,10.5677,0.0212,0.0009,2.964,0.000376,0.0,-0.00069,0.00198,2.9241800000000002,0.00141,0.9328,10.768220000000001
56,496,280,-0.0004,0.0038,0.0006,-0.0005,0.7376,0.5046,10.3199,0.0166,0.0008,2.9713,0.000373,0.0,-0.0006500000000000001,0.00205,2.93172,0.00126,0.9312600000000002,10.773959999999999
57,485,294,0.0411,0.0059,0.0035,-0.0003,0.7329,1.0079,10.5116,0.0006,0.0023,2.9774,0.000371,0.0,-0.00015999999999999999,0.00596,2.93942,0.0013700000000000001,0.85989,10.77055
58,494,284,0.0026,0.004,0.0009,-0.0003,0.7283,0.9801,10.733,0.0079,0.0015,2.9827,0.000369,0.0,0.00012000000000000002,0.00599,2.94729,0.00137,0.87486,10.78967
59,489,291,-0.0009,0.0036,0.0024,-0.0002,0.7236,0.5498,10.4324,-0.0115,0.0009,2.9878,0.000367,0.0,0.00046999999999999993,0.0057599999999999995,2.9551899999999995,0.0013199999999999998,0.9000499999999999,10.75882
60,487,294,0.0008,0.0036,0.0015,-0.0001,0.7189,1.0618,10.4044,-0.0107,0.0014,2.9919,0.000364,0.0,0.0006799999999999999,0.00541,2.9628699999999997,0.00122,0.89375,10.69482
61,486,294,-0.0012,0.0036,0.003,0.0001,0.7143,0.3663,10.4624,-0.0003,0.0012,2.9936,0.000362,0.0,0.0010999999999999998,0.00502,2.9699400000000002,0.00122,0.87852,10.62811
62,480,303,-0.0011,0.0031,0.0041,0.0003,0.7097,0.2329,10.4243,0.0161,0.0019,2.9913,0.00036,0.0,0.00149,0.0047799999999999995,2.9758199999999997,0.00129,0.7908999999999999,10.58751
63,484,299,0.002,0.0031,0.0028,0.0004,0.7051,1.3068,10.8463,0.0166,0.0014,2.9881,0.000358,0.0,0.00172,0.0048000000000000004,2.98026,0.00131,0.8387800000000001,10.56327
64,464,328,-0.0011,0.0031,0.0069,0.0009,0.7005,1.3753,10.6223,0.028,0.0037,2.9862,0.000355,0.0,0.00255,0.0044599999999999996,2.98343,0.0016,0.89367,10.53243
65,476,308,0.0023,0.0032,0.0048,0.0012,0.6961,0.8496,10.5355,0.0217,0.0028,2.9863,0.000353,0.0,0.0030499999999999998,0.00441,2.9856599999999998,0.00179,0.82351,10.529209999999999
66,479,305,0.0015,0.0033,0.0038,0.0013,0.6916,1.2693,10.8185,0.027,0.0022,2.9878,0.000351,0.0,0.00337,0.0046,2.98731,0.00193,0.89998,10.57907
67,482,304,0.0087,0.0037,0.0021,0.0015,0.687,1.0719,10.5944,0.0089,0.0022,2.9895,0.000348,0.0,0.0032300000000000002,0.0013599999999999999,2.98852,0.0019200000000000003,0.9063800000000001,10.58735
68,489,289,0.0013,0.0036,0.0021,0.0017,0.6825,0.9223,10.9464,0.0098,0.0031,2.9911,0.000346,0.0,0.00335,0.0012299999999999998,2.98936,0.00208,0.9006000000000001,10.60869
69,485,298,0.0046,0.0038,0.0032,0.0019,0.6778,1.3669,10.7258,0.0051,0.002,2.9924,0.000344,0.0,0.00343,0.00178,2.98982,0.00219,0.98231,10.63803
70,482,302,0.0022,0.0037,0.0032,0.0021,0.6732,1.1229,10.6844,0.0004,0.0024,2.9935,0.000342,0.0,0.0036,0.0019200000000000003,2.98998,0.00229,0.98842,10.666030000000001
71,490,286,0.0031,0.0037,0.0014,0.0023,0.6686,1.759,10.6523,-0.0044,0.003,2.9943,0.000339,0.0,0.00344,0.00235,2.99005,0.00247,1.1276899999999999,10.68502
72,486,295,0.0332,0.0053,0.0028,0.0024,0.664,1.2938,10.6785,-0.0045,0.0033,2.9945,0.000337,0.0,0.0033099999999999996,0.00578,2.99037,0.0026100000000000003,1.23378,10.71044
73,492,286,-0.0011,0.0051,0.0021,0.0025,0.6593,1.0761,10.5228,-0.0071,0.0018,2.9939,0.000335,0.0,0.00324,0.00547,2.99095,0.00265,1.21071,10.678090000000001
74,492,284,-0.0018,0.0049,0.0006,0.0026,0.6547,0.7914,10.2551,-0.0033,0.0021,2.9925,0.000333,0.0,0.00261,0.0054,2.99158,0.00249,1.15232,10.64137
75,480,304,-0.0003,0.0048,0.0039,0.0028,0.65,0.9503,10.2153,-0.0073,0.0014,2.9914,0.00033,0.0,0.00252,0.00514,2.99209,0.00235,1.1623899999999998,10.609350000000001
76,482,301,-0.0012,0.0047,0.0041,0.003,0.6454,0.688,10.6179,-0.0009,0.0018,2.9914,0.000328,0.0,0.00255,0.004869999999999999,2.9924500000000003,0.00231,1.10426,10.589290000000002
77,483,301,0.0007,0.0027,0.0033,0.003,0.6409,1.0354,10.3727,-0.0069,0.0016,2.9923,0.000326,0.0,0.00267,0.004069999999999999,2.9927300000000003,0.00225,1.10061,10.56712
78,483,297,0.0007,0.0026,0.0029,0.0031,0.6363,0.9901,10.5288,-0.0017,0.0012,2.9937,0.000324,0.0,0.00275,0.00401,2.99299,0.00206,1.10739,10.525360000000001
79,489,293,-0.001,0.0026,0.0027,0.0031,0.6317,0.5688,10.4452,-0.0049,0.0012,2.9946,0.000321,0.0,0.0027,0.0034500000000000004,2.99321,0.00198,1.02758,10.4973
80,481,301,0.0014,0.0027,0.0032,0.0032,0.627,0.3104,10.6636,0.0028,0.002,2.9951,0.000319,0.0,0.0027,0.00337,2.99337,0.00194,0.94633,10.49522
81,485,298,0.0007,0.0028,0.0023,0.0031,0.6225,0.8808,10.3695,-0.003,0.001,2.9952,0.000317,0.0,0.00279,0.0031299999999999995,2.99346,0.0017400000000000002,0.8585100000000001,10.46694
82,486,294,-0.0008,0.0028,0.003,0.0031,0.6179,0.7556,10.5383,0.0008,0.0012,2.9952,0.000315,0.0,0.00281,-0.0002700000000000004,2.9935300000000002,0.00153,0.8046900000000001,10.45292
83,479,305,0.0022,0.0028,0.004,0.0031,0.6132,0.9847,10.9218,0.0005,0.0022,2.9951,0.000312,0.0,0.003,5.99999999999997e-05,2.99365,0.0015699999999999998,0.79555,10.49282
84,488,292,-0.001,0.0028,0.002,0.0029,0.6087,0.5448,10.7604,-0.0037,0.0028,2.995,0.00031,0.0,0.0031400000000000004,0.00013999999999999966,2.9939,0.0016399999999999997,0.7708900000000001,10.54335
85,483,301,0.0067,0.003,0.0035,0.0028,0.6041,0.8062,10.46,0.005,0.0025,2.9951,0.000308,0.0,0.0031000000000000003,0.0008399999999999998,2.99427,0.0017499999999999998,0.75648,10.567820000000001
86,482,299,0.0007,0.003,0.003,0.0028,0.5995,0.512,10.5684,0.0015,0.0026,2.9951,0.000306,0.0,0.00299,0.0010299999999999997,2.99464,0.00183,0.7388800000000001,10.56287
87,479,304,-0.001,0.0025,0.004,0.0029,0.5949,1.2079,10.6018,0.0028,0.0017,2.995,0.000303,0.0,0.0030600000000000002,0.0008599999999999997,2.99491,0.00184,0.75613,10.58578
88,482,303,-0.002,0.0023,0.0043,0.003,0.5903,0.1774,10.6357,0.0005,0.0025,2.9949,0.000301,0.0,0.0032,0.0005899999999999996,2.99503,0.00197,0.67486,10.59647
89,490,289,-0.0018,0.002,0.0019,0.0029,0.5858,0.2485,10.3563,-0.0033,0.003,2.9947,0.000299,0.0,0.0031200000000000004,0.0005099999999999997,2.9950400000000004,0.00215,0.64283,10.587579999999999
90,484,298,-0.0019,0.0018,0.0024,0.0029,0.5811,0.8261,10.2186,0.0016,0.0022,2.9944,0.000296,0.0,0.00304,0.0001799999999999997,2.99497,0.00217,0.6944,10.54308
91,479,307,-0.0004,0.0016,0.004,0.003,0.5765,1.2259,10.3345,-0.0016,0.0028,2.9941,0.000294,0.0,0.00321,6.999999999999968e-05,2.99486,0.00235,0.7289100000000001,10.539579999999999
92,470,317,-0.0002,-0.0001,0.0056,0.0032,0.572,1.0041,10.4485,-0.0019,0.004,2.9941,0.000292,0.0,0.00347,0.0001299999999999997,2.99475,0.00263,0.75376,10.5306
93,486,296,-0.0012,-0.0001,0.0031,0.0032,0.5675,0.426,10.3287,0.0039,0.0027,2.9943,0.00029,0.0,0.00338,-0.00021000000000000028,2.99467,0.00268,0.69789,10.47129
94,481,303,-0.0,0.0,0.0029,0.0033,0.5629,0.7065,10.1984,0.0038,0.0018,2.9945,0.000287,0.0,0.00347,-0.00011000000000000032,2.9946200000000003,0.00258,0.7140599999999999,10.415090000000001
95,477,307,-0.001,-0.0,0.004,0.0033,0.5583,1.2395,10.5524,-0.0042,0.0024,2.9944,0.000285,0.0,0.0035199999999999997,-0.0008800000000000002,2.99455,0.0025700000000000002,0.75739,10.424330000000001
96,490,289,0.0871,0.0044,0.0021,0.0032,0.5538,0.4819,10.56,0.001,0.0025,2.9944,0.000283,0.0,0.0034300000000000003,0.00776,2.9944800000000003,0.0025599999999999998,0.7543799999999999,10.42349
97,483,299,0.0014,0.0044,0.0029,0.0032,0.5491,0.6618,10.7373,-0.0002,0.0014,2.9942,0.000281,0.0,0.00332,0.007999999999999998,2.9944,0.00253,0.69977,10.43704
98,480,304,0.0024,0.0045,0.0046,0.0033,0.5445,0.6465,10.9015,-0.0024,0.0022,2.9941,0.000278,0.0,0.00335,0.00844,2.99432,0.0025,0.7466799999999999,10.46362
99,488,292,0.0067,0.0049,0.0015,0.0032,0.54,0.7429,10.5676,-0.0007,0.0014,2.9943,0.000276,0.0,0.0033100000000000004,0.009289999999999998,2.99428,0.00234,0.7961199999999999,10.48475
100,474,314,-0.0012,0.0048,0.0058,0.0033,0.5353,0.6954,10.4435,-0.0075,0.0035,2.9944,0.000274,0.0,0.0036499999999999996,0.009359999999999999,2.9942800000000003,0.00247,0.78305,10.50724
101,484,297,-0.001,0.0047,0.0034,0.0034,0.5308,0.62,10.5972,-0.0005,0.0024,2.9945,0.000272,0.0,0.0035900000000000003,0.0093,2.99432,0.00243,0.7224600000000001,10.53351
102,481,305,-0.001,0.0047,0.0046,0.0035,0.5262,0.4224,10.3563,0.0084,0.0028,2.9946,0.000269,0.0,0.00349,0.009219999999999999,2.99437,0.00231,0.66429,10.52429
103,480,303,-0.001,0.0045,0.0025,0.0034,0.5217,0.9625,10.7992,0.0016,0.0027,2.9947,0.000267,0.0,0.00343,0.009239999999999998,2.99441,0.00231,0.7179399999999999,10.571340000000001
104,486,295,-0.0012,0.0045,0.0025,0.0034,0.5171,0.128,10.5066,-0.0009,0.002,2.9948,0.000265,0.0,0.00339,0.009119999999999998,2.99444,0.00233,0.66009,10.602160000000001
105,485,295,0.0019,0.0043,0.0036,0.0034,0.5125,0.6548,10.456,0.0039,0.0017,2.9948,0.000263,0.0,0.00335,0.009409999999999998,2.9944800000000003,0.00226,0.60162,10.592519999999999
106,479,307,-0.0002,0.0042,0.0042,0.0035,0.5079,1.0285,10.6346,0.0001,0.0017,2.9948,0.00026,0.0,0.00356,0.0006799999999999985,2.99452,0.00218,0.65628,10.59998
107,478,306,-0.001,0.0042,0.0049,0.0035,0.5033,0.5419,10.9326,-0.0027,0.0019,2.9948,0.000258,0.0,0.0037600000000000003,0.00043999999999999855,2.99458,0.00223,0.64429,10.61951
108,483,299,-0.0002,0.0043,0.0039,0.0035,0.4988,1.1229,10.8058,0.0003,0.0027,2.9948,0.000256,0.0,0.00369,0.00017999999999999863,2.99465,0.00228,0.69193,10.60994
109,484,298,0.0006,0.0044,0.0037,0.0036,0.4942,0.4375,10.8595,0.003,0.0026,2.9948,0.000254,0.0,0.003909999999999999,-0.0004300000000000014,2.9947000000000004,0.0024000000000000002,0.66139,10.63913
110,482,299,0.0086,0.0049,0.0039,0.0037,0.4896,0.5677,10.8411,0.0013,0.0017,2.9949,0.000251,0.0,0.0037199999999999998,0.0005499999999999986,2.99475,0.00222,0.64862,10.67889
111,479,307,0.0062,0.0053,0.0049,0.0037,0.485,1.0333,10.3334,-0.0015,0.003,2.9949,0.000249,0.0,0.0038699999999999997,0.0012699999999999986,2.99479,0.00228,0.6899500000000001,10.652510000000001
112,483,300,0.0021,0.0054,0.0048,0.0037,0.4805,0.7255,10.8236,-0.0025,0.0034,2.995,0.000247,0.0,0.00389,0.0015799999999999987,2.99483,0.00234,0.72026,10.69924
113,484,298,0.0007,0.0055,0.0027,0.0037,0.4759,1.725,10.7879,-0.0019,0.002,2.995,0.000244,0.0,0.003909999999999999,0.0017499999999999987,2.99486,0.0022700000000000003,0.7965099999999999,10.69811
114,482,301,0.0051,0.0057,0.0031,0.0037,0.4713,0.591,10.4203,-0.0011,0.0025,2.9951,0.000242,0.0,0.00397,0.002379999999999999,2.99489,0.00232,0.8428100000000001,10.68948
115,487,294,-0.002,0.0057,0.002,0.0036,0.4667,0.7048,10.3872,-0.002,0.0029,2.9951,0.00024,0.0,0.0038099999999999996,0.0019899999999999983,2.99492,0.0024400000000000003,0.84781,10.6826
116,483,298,-0.0001,0.0013,0.0028,0.0036,0.4621,0.404,10.5513,-0.0001,0.002,2.9952,0.000238,0.0,0.0036699999999999997,0.0019999999999999987,2.99496,0.00247,0.7853600000000001,10.67427
117,480,304,-0.001,0.0012,0.0052,0.0037,0.4575,0.6896,10.5544,0.0003,0.0024,2.9952,0.000235,0.0,0.0036999999999999997,0.0019999999999999983,2.995,0.00252,0.80013,10.63645
118,488,290,0.0033,0.0013,0.0025,0.0036,0.4529,1.8246,10.65,0.0009,0.0012,2.9952,0.000233,0.0,0.00356,0.002349999999999999,2.9950400000000004,0.0023699999999999997,0.8703,10.62087
119,482,302,-0.0012,0.0009,0.0046,0.0038,0.4483,0.4994,10.4605,-0.0012,0.0021,2.9952,0.000231,0.0,0.0036499999999999996,0.0021699999999999988,2.99508,0.00232,0.8764900000000001,10.58097
120,467,323,-0.0019,0.0008,0.0068,0.0038,0.4437,0.6763,10.5831,-0.0013,0.0043,2.9952,0.000229,0.0,0.003940000000000001,0.0011199999999999986,2.99511,0.00258,0.88735,10.55517
121,484,296,0.005,0.0011,0.0027,0.0038,0.4393,1.2062,10.593,0.0001,0.0017,2.9953,0.000226,0.0,0.0037199999999999998,0.0009999999999999987,2.9951499999999998,0.00245,0.90464,10.581129999999998
122,486,298,0.0001,0.0012,0.0036,0.0037,0.4347,0.8287,10.8091,-0.0001,0.0028,2.9952,0.000224,0.0,0.0036000000000000003,0.0007999999999999988,2.99517,0.0023899999999999998,0.91496,10.57968
123,487,293,0.0035,0.0014,0.0032,0.0038,0.4301,1.8114,10.6122,0.0005,0.0019,2.9952,0.000222,0.0,0.0036499999999999996,0.0010799999999999987,2.99519,0.0023799999999999997,0.9236000000000001,10.56211
124,484,299,0.0029,0.0016,0.004,0.0039,0.4254,1.1153,10.7846,-0.0012,0.0022,2.9952,0.00022,0.0,0.0037400000000000003,0.0008599999999999986,2.9952,0.00235,0.97603,10.59854
125,483,299,0.0023,0.0016,0.004,0.0039,0.4208,0.7928,10.5098,-0.0005,0.0029,2.9951,0.000217,0.0,0.003940000000000001,0.0012899999999999988,2.9952,0.00235,0.98483,10.610800000000001
126,481,302,-0.0003,0.0016,0.0037,0.0038,0.4163,0.2143,10.8807,-0.0038,0.0025,2.9951,0.000215,0.0,0.004030000000000001,0.0012699999999999986,2.99519,0.0024,0.9658599999999999,10.64374
127,486,295,0.0016,0.0018,0.0036,0.0038,0.4117,2.8786,11.4245,-0.002,0.005,2.9951,0.000213,0.0,0.0038699999999999997,0.0015299999999999988,2.99518,0.00266,1.18476,10.73075
128,485,294,0.002,0.0019,0.0018,0.0037,0.4071,1.637,11.7184,-0.0008,0.0026,2.995,0.000211,0.0,0.0038,0.0013999999999999987,2.99516,0.0027999999999999995,1.166,10.83759
129,477,309,-0.0002,0.0018,0.0053,0.0038,0.4025,0.7076,11.7256,0.0005,0.0041,2.9951,0.000208,0.0,0.0038699999999999997,0.0014999999999999987,2.99515,0.003,1.18682,10.964099999999998
130,481,303,-0.0004,0.0014,0.0034,0.0037,0.3979,0.5392,12.2406,-0.0041,0.0022,2.9951,0.000206,0.0,0.0035299999999999997,0.0016499999999999987,2.99514,0.00279,1.17311,11.12985
131,481,305,-0.0012,0.001,0.0034,0.0037,0.3934,0.5172,12.1104,0.0023,0.002,2.9951,0.000204,0.0,0.0036000000000000003,0.0010299999999999988,2.99512,0.00282,1.10421,11.281590000000001
132,490,287,-0.0011,0.0009,0.002,0.0035,0.3888,1.6934,11.9741,0.0013,0.0015,2.9951,0.000202,0.0,0.00344,0.0009099999999999988,2.99511,0.00269,1.19068,11.39809
133,487,295,-0.002,0.0007,0.0042,0.0036,0.3841,0.5442,12.2524,-0.0025,0.0023,2.9952,0.000199,0.0,0.00354,0.0003599999999999988,2.99511,0.0027300000000000002,1.06396,11.56211
134,484,295,0.0123,0.0011,0.0029,0.0036,0.3795,1.0572,11.8986,-0.0012,0.0022,2.9952,0.000197,0.0,0.00343,0.0012999999999999986,2.99511,0.0027300000000000002,1.05815,11.673509999999998
135,487,296,0.0011,0.0012,0.0027,0.0036,0.3749,0.9847,11.9011,-0.0014,0.0017,2.9952,0.000195,0.0,0.0033,0.001179999999999999,2.99512,0.0026100000000000003,1.07734,11.812639999999998
136,478,305,0.0067,0.0016,0.004,0.0037,0.3703,1.3497,12.1344,-0.0004,0.0017,2.9952,0.000192,0.0,0.0033299999999999996,0.001879999999999999,2.99513,0.00253,1.19088,11.93801
137,484,299,0.0006,0.0017,0.0028,0.0036,0.3657,0.4404,11.7661,-0.0003,0.0013,2.9952,0.00019,0.0,0.0032500000000000003,0.001779999999999999,2.99514,0.00216,0.9470599999999999,11.97217
138,479,304,0.0006,0.0015,0.0036,0.0036,0.3611,0.7638,12.1785,-0.0049,0.0018,2.9952,0.000188,0.0,0.00343,0.001639999999999999,2.99516,0.0020800000000000003,0.8597399999999998,12.01818
139,482,303,-0.0012,0.0015,0.0034,0.0035,0.3566,1.127,12.2792,0.0023,0.002,2.9952,0.000186,0.0,0.00324,0.001539999999999999,2.99517,0.0018699999999999997,0.90168,12.07354
140,482,299,0.0007,0.0017,0.003,0.0034,0.352,1.8734,11.7493,0.0006,0.0024,2.9952,0.000183,0.0,0.0032,0.0016499999999999991,2.9951800000000004,0.00189,1.0351,12.02441
141,488,294,-0.0012,0.0014,0.0032,0.0034,0.3474,1.0654,12.1839,0.0026,0.0022,2.9952,0.000181,0.0,0.00318,0.0016499999999999991,2.99519,0.0019099999999999998,1.08992,12.03176
142,480,302,-0.001,0.0013,0.0036,0.0034,0.3428,1.6282,11.8061,-0.0002,0.0021,2.9952,0.000179,0.0,0.00334,0.001659999999999999,2.9952,0.00197,1.0834,12.014959999999999
143,484,299,-0.002,0.001,0.0031,0.0034,0.3382,0.3353,11.9777,-0.0011,0.0014,2.9952,0.000177,0.0,0.0032299999999999994,0.001659999999999999,2.9952,0.0018799999999999997,1.06251,11.987490000000001
144,483,300,0.0006,0.0009,0.0034,0.0033,0.3336,1.6753,12.1317,-0.0021,0.0021,2.9951,0.000174,0.0,0.0032799999999999995,0.000489999999999999,2.99519,0.0018699999999999997,1.12432,12.0108
145,488,291,-0.0012,0.0007,0.0017,0.0032,0.3291,2.0732,11.9475,-0.0027,0.0022,2.9951,0.000172,0.0,0.00318,0.000259999999999999,2.99518,0.0019199999999999998,1.2331699999999999,12.015440000000002
146,478,308,0.0006,0.0008,0.0049,0.0033,0.3244,0.8168,12.0566,-0.0018,0.0022,2.9952,0.00017,0.0,0.00327,-0.000350000000000001,2.9951800000000004,0.0019700000000000004,1.1798799999999998,12.00766
147,483,299,-0.002,0.0006,0.0044,0.0033,0.3199,2.1024,12.0341,-0.0001,0.0024,2.9951,0.000168,0.0,0.00343,-0.0006100000000000011,2.9951700000000003,0.00208,1.34608,12.03446
148,479,305,0.0008,0.0005,0.004,0.0034,0.3153,1.0356,12.2619,0.001,0.0016,2.9951,0.000165,0.0,0.00347,-0.000590000000000001,2.99516,0.00206,1.37326,12.0428
149,482,301,0.0081,0.0009,0.0032,0.0033,0.3107,0.8661,12.3314,0.0021,0.0023,2.9951,0.000163,0.0,0.0034500000000000004,0.0003399999999999989,2.9951499999999998,0.0020900000000000003,1.34717,12.04802
150,480,304,0.0013,0.001,0.0053,0.0034,0.3062,1.7646,12.165,-0.0002,0.0034,2.9951,0.000161,0.0,0.00368,0.0003999999999999989,2.99514,0.00219,1.33629,12.08959
151,482,302,0.0006,0.0011,0.0042,0.0035,0.3016,0.2387,12.4847,-0.0033,0.0033,2.9951,0.000159,0.0,0.0037799999999999995,0.0005799999999999989,2.99513,0.0023,1.25362,12.11967
152,479,305,-0.001,0.0011,0.0039,0.0036,0.297,0.4225,12.0968,-0.0001,0.0024,2.9951,0.000156,0.0,0.0038099999999999996,0.0005799999999999988,2.9951199999999996,0.00233,1.13305,12.14874
153,476,310,0.0017,0.0013,0.0041,0.0036,0.2925,0.5232,12.0712,0.001,0.0024,2.9952,0.000154,0.0,0.003909999999999999,0.0009499999999999989,2.9951199999999996,0.0024300000000000003,1.15184,12.15809
154,486,295,-0.0012,0.0006,0.0033,0.0036,0.2879,2.0884,12.1051,0.0009,0.0035,2.9952,0.000152,0.0,0.0039,0.000769999999999999,2.99513,0.0025700000000000002,1.19315,12.155429999999999
155,473,314,-0.002,0.0005,0.0065,0.0038,0.2833,0.8218,12.2177,-0.0027,0.004,2.9952,0.000149,0.0,0.00438,0.000689999999999999,2.99514,0.00275,1.06801,12.18245
156,480,306,-0.002,0.0,0.0037,0.0038,0.2788,1.6512,11.6542,-0.0013,0.0028,2.9952,0.000147,0.0,0.004260000000000001,0.0004299999999999988,2.99514,0.00281,1.15145,12.14221
157,479,303,-0.0011,-0.0001,0.0033,0.0038,0.2743,1.3563,11.9768,-0.0026,0.0025,2.9952,0.000145,0.0,0.00415,0.0005199999999999989,2.9951499999999998,0.00282,1.07684,12.13648
158,483,300,-0.0004,-0.0001,0.0027,0.0037,0.2697,0.9173,12.1842,0.0008,0.0023,2.9951,0.000143,0.0,0.00402,0.0003999999999999989,2.99515,0.0028899999999999998,1.06501,12.12871
159,487,294,-0.0012,-0.0001,0.0028,0.0037,0.2651,1.4868,12.0798,-0.002,0.0018,2.995,0.00014,0.0,0.003979999999999999,-0.0005300000000000011,2.99514,0.0028399999999999996,1.1270799999999999,12.10355
160,490,288,0.0015,-0.0001,0.0017,0.0036,0.2605,0.5381,12.213,-0.0027,0.0023,2.9949,0.000138,0.0,0.0036199999999999995,-0.0005100000000000011,2.99512,0.00273,1.00443,12.10835
161,480,303,0.0004,0.0,0.0037,0.0037,0.2559,0.8188,12.1916,-0.0003,0.0022,2.9947,0.000136,0.0,0.0035700000000000003,-0.0005300000000000011,2.9950799999999997,0.00262,1.06244,12.07904
162,481,306,0.0046,0.0003,0.0047,0.0037,0.2513,0.2309,12.1011,-0.0003,0.0027,2.9948,0.000134,0.0,0.0036500000000000005,2.999999999999895e-05,2.99505,0.0026500000000000004,1.04328,12.07947
163,483,298,0.0069,0.0007,0.0032,0.0037,0.2467,0.8557,12.1475,-0.0005,0.0018,2.9949,0.000131,0.0,0.00356,0.000549999999999999,2.9950200000000002,0.00259,1.07653,12.0871
164,482,301,0.0012,0.0008,0.0038,0.0038,0.2421,1.1165,12.2114,-0.0001,0.0029,2.995,0.000129,0.0,0.00361,0.0007899999999999988,2.995,0.00253,0.97934,12.09773
165,483,301,-0.001,0.0008,0.0038,0.0039,0.2376,0.1549,12.0319,-0.0003,0.0019,2.9951,0.000127,0.0,0.00334,0.000889999999999999,2.99499,0.00232,0.91265,12.07915
166,484,297,-0.0009,0.0007,0.0027,0.0038,0.233,1.1454,12.1622,-0.0003,0.002,2.9951,0.000125,0.0,0.00324,0.0009999999999999987,2.99498,0.00224,0.8620700000000001,12.129950000000001
167,483,299,-0.0004,0.0008,0.0032,0.0037,0.2284,0.9635,12.2774,-0.0013,0.0015,2.995,0.000122,0.0,0.0032300000000000002,0.001069999999999999,2.99496,0.00214,0.82279,12.16001
168,475,311,-0.0009,0.0007,0.0048,0.0037,0.2238,1.4036,12.1477,-0.0019,0.0023,2.9948,0.00012,0.0,0.00344,0.0010199999999999988,2.99493,0.00214,0.87142,12.156360000000001
169,477,309,-0.002,0.0002,0.0048,0.0038,0.2193,0.8281,12.1342,-0.0015,0.0028,2.9946,0.000118,0.0,0.00364,0.0009399999999999988,2.9948900000000003,0.00224,0.80555,12.1618
170,483,301,-0.0009,0.0001,0.0032,0.0037,0.2147,0.7654,12.1628,-0.0004,0.0021,2.9945,0.000116,0.0,0.0037900000000000004,0.0006999999999999989,2.99485,0.00222,0.82828,12.156780000000001
171,489,290,0.0011,0.0001,0.0022,0.0036,0.2102,0.7696,12.1809,0.0014,0.0021,2.9945,0.000113,0.0,0.00364,0.0007699999999999988,2.9948300000000003,0.00221,0.8233600000000001,12.15571
172,478,307,-0.002,0.0001,0.0036,0.0036,0.2055,0.725,12.1141,0.0006,0.0029,2.9948,0.000111,0.0,0.0035299999999999997,0.00010999999999999885,2.99483,0.00223,0.87277,12.15701
173,478,307,-0.001,-0.0001,0.0041,0.0036,0.201,1.3811,12.3098,0.0021,0.0028,2.995,0.000109,0.0,0.0036200000000000004,-0.0006800000000000011,2.99484,0.0023299999999999996,0.92531,12.17324
174,476,308,0.0008,0.0,0.0051,0.0037,0.1964,0.4528,12.2812,-0.0007,0.0029,2.9951,0.000107,0.0,0.00375,-0.0007200000000000012,2.9948500000000005,0.0023299999999999996,0.8589399999999999,12.18022
175,481,304,0.0022,0.0002,0.0035,0.0035,0.1919,0.1063,12.0996,0.002,0.0019,2.9951,0.000104,0.0,0.00372,-0.00040000000000000116,2.99485,0.00233,0.85408,12.18699
176,475,310,0.0061,0.0006,0.0047,0.0036,0.1873,0.7843,12.4033,0.0005,0.0032,2.995,0.000102,0.0,0.00392,0.0002999999999999989,2.99484,0.00245,0.8179700000000001,12.2111
177,481,303,0.0071,0.0011,0.0035,0.0036,0.1828,2.0634,12.0651,0.0014,0.0027,2.995,0.0001,0.0,0.00395,0.0010499999999999989,2.99484,0.0025700000000000002,0.92796,12.189869999999999
178,478,309,0.0006,0.0011,0.0036,0.0036,0.1783,1.7219,12.0075,0.0036,0.0029,2.9949,9.7e-05,0.0,0.00383,0.001199999999999999,2.9948500000000005,0.00263,0.9597899999999999,12.17585
179,483,300,-0.002,0.0011,0.0038,0.0037,0.1737,1.557,12.0021,-0.0001,0.0028,2.9948,9.5e-05,0.0,0.00373,0.001199999999999999,2.9948699999999997,0.00263,1.03268,12.16264
180,479,304,0.0097,0.0015,0.0033,0.0038,0.1691,1.73,11.8898,-0.0015,0.0019,2.9947,9.3e-05,0.0,0.0037400000000000003,0.002259999999999999,2.9948900000000003,0.00261,1.12914,12.13534
181,482,300,-0.0012,0.0014,0.004,0.0038,0.1646,0.2765,12.4887,0.0061,0.0034,2.9946,9.1e-05,0.0,0.00392,0.002029999999999999,2.9949,0.0027400000000000002,1.0798299999999998,12.16612
182,478,306,-0.002,0.0011,0.0048,0.0038,0.16,1.1257,12.1202,-0.0024,0.003,2.9946,8.8e-05,0.0,0.00404,0.0020299999999999993,2.99488,0.00275,1.1199,12.16673
183,476,310,-0.002,0.0006,0.0056,0.0039,0.1554,0.44,12.0278,0.0031,0.0043,2.9947,8.6e-05,0.0,0.00419,0.001929999999999999,2.99485,0.0029000000000000002,1.0257900000000002,12.13853
184,477,308,0.0012,0.0006,0.0056,0.004,0.1509,0.7124,12.0372,0.0016,0.0046,2.9948,8.4e-05,0.0,0.00424,0.001969999999999999,2.99482,0.0030700000000000002,1.05175,12.11413
185,475,314,-0.002,0.0006,0.0065,0.0041,0.1464,0.8743,12.2338,0.0004,0.0045,2.9948,8.2e-05,0.0,0.00454,0.0015499999999999989,2.99479,0.0033299999999999996,1.12855,12.12755
186,485,296,-0.0019,0.0005,0.0033,0.0042,0.1419,0.9069,12.3644,-0.0008,0.003,2.9946,7.9e-05,0.0,0.004399999999999999,0.000749999999999999,2.9947500000000002,0.0033099999999999996,1.1408099999999999,12.12366
187,487,295,-0.0011,0.0005,0.0039,0.0042,0.1373,0.9683,12.0535,0.0003,0.0031,2.9946,7.7e-05,0.0,0.0044399999999999995,-7.000000000000105e-05,2.99471,0.00335,1.0313,12.1225
188,475,310,0.0004,0.0006,0.0047,0.0042,0.1327,0.5137,12.2989,0.0036,0.0039,2.9948,7.5e-05,0.0,0.00455,-9.000000000000104e-05,2.9947,0.0034499999999999995,0.9104800000000001,12.15164
189,480,304,0.0073,0.001,0.0029,0.0041,0.1281,1.4454,12.4945,-0.0022,0.0029,2.995,7.3e-05,0.0,0.00446,0.000839999999999999,2.99472,0.00346,0.89932,12.200880000000002
190,484,298,0.0028,0.0012,0.0033,0.0041,0.1236,0.9817,12.6084,-0.0039,0.0045,2.9952,7e-05,0.0,0.0044599999999999996,0.00014999999999999896,2.99477,0.0037199999999999998,0.8244900000000002,12.272739999999999
191,491,286,0.0003,0.0012,0.0016,0.0041,0.119,0.6178,12.2293,0.0012,0.0029,2.9954,6.8e-05,0.0,0.00422,0.00029999999999999894,2.9948500000000005,0.0036699999999999997,0.8586199999999999,12.2468
192,482,301,-0.001,0.0012,0.0037,0.0041,0.1143,2.293,12.3033,-0.0028,0.0025,2.9954,6.6e-05,0.0,0.00411,0.000399999999999999,2.99493,0.0036199999999999995,0.9753499999999999,12.26511
193,474,312,-0.002,0.0012,0.0054,0.0041,0.1097,0.5425,12.4535,-0.0009,0.0028,2.9952,6.4e-05,0.0,0.00409,0.000399999999999999,2.9949800000000004,0.00347,0.9856,12.307680000000001
194,475,314,0.0012,0.0012,0.0058,0.0042,0.1052,2.6215,11.889,-0.002,0.004,2.9949,6.1e-05,0.0,0.00411,0.000399999999999999,2.99499,0.00341,1.17651,12.292860000000001
195,485,296,-0.002,0.001,0.0021,0.0041,0.1007,0.7035,12.1769,-0.0005,0.0017,2.995,5.9e-05,0.0,0.0036700000000000005,0.000399999999999999,2.99501,0.00313,1.15943,12.28717
196,483,298,-0.001,0.0006,0.0035,0.0041,0.0961,0.9065,12.4015,0.0004,0.0026,2.995,5.7e-05,0.0,0.0036899999999999997,0.0004899999999999989,2.99505,0.00309,1.15939,12.29088
197,487,295,-0.002,0.0002,0.0037,0.0041,0.0915,0.4793,12.0982,-0.0003,0.0026,2.9951,5.5e-05,0.0,0.0036700000000000005,0.000399999999999999,2.9951,0.00304,1.11049,12.29535
198,483,297,0.0056,0.0004,0.0038,0.0041,0.0869,1.3961,12.1836,-0.0015,0.0012,2.9953,5.2e-05,0.0,0.00358,0.0009199999999999989,2.9951499999999998,0.00277,1.19873,12.28382
199,483,301,-0.0019,0.0004,0.003,0.004,0.0823,0.5054,12.1232,-0.0027,0.002,2.9954,5e-05,0.0,0.0035900000000000003,-1.0625181290357944e-18,2.99519,0.0026799999999999997,1.1047300000000002,12.246690000000001
